project_id,title,status,concept_uri,confidence_level,rationale,evidence_field,evidence_excerpt,notes,provenance
101061142,MultI-recycling strategies of LWR SNF focusing on MOlten SAlt technology,human_reviewed_mapped,http://data.europa.eu/sdg/12.5,not_recorded,Develops spent-fuel multi-recycling and Pu/MA conversion as a research pathway towards reduced waste generation and repository footprint.,objective,"MIMOSA aims to develop an accessible, cost/risk optimised multi-recycling strategy of LWR spent fuels",Primary target. Human reviewer R1 confirmed; environmental outcome has not yet been demonstrated.,"Single-human-reviewer, AI-assisted reference; not model predictions"
101061142,MultI-recycling strategies of LWR SNF focusing on MOlten SAlt technology,human_reviewed_mapped,http://data.europa.eu/sdg/7,not_recorded,Demonstrates technical feasibility of an advanced reactor technology with a plausible contribution to more sustainable energy supply.,objective,"MIMOSA focus more specifically on the demonstration of several key aspects of technical feasibility and performance of Cl MSRs, that will contribute to accelerating the deployment of this advanced technology","Secondary goal-level link, uncertain: access, affordability and any narrower SDG 7 target are not established; nuclear energy is not renewable.","Single-human-reviewer, AI-assisted reference; not model predictions"
101166335,Research on Materials Ageing and Structural Integrity of Research Reactors,human_reviewed_mapped,http://data.europa.eu/sdg/9.5,not_recorded,Uses materials characterization and modelling to support continued safe operation of research reactors and sustain scientific research capacity.,objective,advanced characterization and modelling techniques at universities and nuclear research centers,"Primary target. Confirmed by the sole human reviewer R1; research mechanism is direct, while broader development outcomes are not claimed.","Single-human-reviewer, AI-assisted reference; not model predictions"
101166335,Research on Materials Ageing and Structural Integrity of Research Reactors,human_reviewed_mapped,http://data.europa.eu/sdg/3,not_recorded,Supports the continued safe operation of research reactors that the objective identifies as necessary to maintain the supply of medical isotopes.,objective,to maintain the supply of medical isotopes,"Secondary goal-level link, uncertain: this is a downstream supply effect; the objective does not specify a disease, clinical use, health-care access or a narrower SDG 3 target.","Single-human-reviewer, AI-assisted reference; not model predictions"
101173510,EU-UA Nuclear Research and Education Capacity Building,human_reviewed_mapped,http://data.europa.eu/sdg/4.4,not_recorded,Improves nuclear education and training to align technical skills with the needs of the sector.,objective,Reducing the gap between nuclear educational and training programme of Ukraine and nuclear sector needs,Primary target. Human reviewer R1 confirmed; training and sector skill needs are explicit.,"Single-human-reviewer, AI-assisted reference; not model predictions"
101173510,EU-UA Nuclear Research and Education Capacity Building,human_reviewed_mapped,http://data.europa.eu/sdg/9.5,not_recorded,Connects Ukrainian and EU research entities to increase researchers’ participation in the Euratom Research and Training Programme.,objective,Strengthening cooperation between UA and EU research entities and academia to improve the participation of their researchers in Euratom Research and Training Programme,"Secondary target, weak: networking and programme participation support research capacity, but the objective does not claim upgraded physical infrastructure or industrial capabilities.","Single-human-reviewer, AI-assisted reference; not model predictions"
101040160,A MISTery of Long Secondary Periods in Pulsating Red Giants - Traces of Exoplanets?,no_justified_mapping,,not_applicable,Human reviewer R1 confirmed after reading the pinned CORDIS objective: exoplanet detection and planet-formation research without a substantiated contribution mechanism to an SDG concept.,objective,,Human reviewer R1 confirmed after reading the pinned CORDIS objective: exoplanet detection and planet-formation research without a substantiated contribution mechanism to an SDG concept.,"Single-human-reviewer, AI-assisted reference; not model predictions"
101043372,Modeling binary neutron star from inspirals to remnants and their multimessenger emissions,no_justified_mapping,,not_applicable,"Human reviewer R1 confirmed after reading the pinned CORDIS objective: relativistic astrophysics and exascale methods used for neutron-star merger studies, without a substantiated contribution to an SDG concept.",objective,,"Human reviewer R1 confirmed after reading the pinned CORDIS objective: relativistic astrophysics and exascale methods used for neutron-star merger studies, without a substantiated contribution to an SDG concept.","Single-human-reviewer, AI-assisted reference; not model predictions"
101098074,CHARTING THE TOKEN OF TIME: YAP/TAZ TRANSCRIPTIONAL REGULATORS AT THE ROOTS OF AGING,human_reviewed_mapped,http://data.europa.eu/sdg/3,not_recorded,Investigates YAP/TAZ-associated mechanisms of tissue aging to explore possible remedies that could support healthier aging.,objective,These processes are reversible and understanding them may reveal new routes to halt aging.,"Goal-level link confirmed by the sole human reviewer R1. Exploratory aging biology; no specific disease, clinical endpoint or reduction in premature mortality is established.","Single-human-reviewer, AI-assisted reference; not model predictions"
101113389,Focused Targeting of Inhaled Magnetic Aerosols for Lung Cancer,human_reviewed_mapped,http://data.europa.eu/sdg/3.4,not_recorded,Develops targeted inhaled delivery of chemotherapeutics to lung tumours to improve treatment efficacy and reduce systemic toxicity.,objective,"We aim to achieve point targeted delivery of chemotherapeutics directly to lung tumours and lesions through inhalation, thus increasing effective doses and dramatically reducing side effects, in particular relative to detrimental systemic toxicity.","Target-level link confirmed by human reviewer R1. Research pathway for treatment of lung cancer, a non-communicable disease; any reduction in premature mortality remains a downstream aim, not a demonstrated outcome.","Single-human-reviewer, AI-assisted reference; not model predictions"
101141685,Paradoxical activation of oncogenic signaling as a cancer treatment strategy.,human_reviewed_mapped,http://data.europa.eu/sdg/3.4,not_recorded,Investigates combination treatments that hyperactivate oncogenic signaling and disrupt cancer-cell stress responses to selectively kill cancer cells.,objective,"I propose here a fundamentally different approach to the treatment of cancer, based on deliberate hyperactivation of oncogenic signaling, combined with perturbation of the activated stress responses to selectively kill cancer cells.",Target-level link confirmed by the sole human reviewer R1. Preclinical cancer-treatment research; human clinical efficacy and reduction in premature mortality have not been demonstrated.,"Single-human-reviewer, AI-assisted reference; not model predictions"
101199020,A high performance cost-effective MINFLUX microscope,human_reviewed_mapped,http://data.europa.eu/sdg/9.5,not_recorded,Develops and validates a lower-cost super-resolution microscope prototype to broaden scientific research capability and enable potential commercial uptake.,objective,Our project aims to develop a PhaseFLUX microscope prototype including 3D and multi-color capabilities.,"Target-level link confirmed by the sole human reviewer R1. Prototype development is explicit; broad adoption and commercialization are intended downstream outcomes, not demonstrated.","Single-human-reviewer, AI-assisted reference; not model predictions"
101201568,Advanced Quantized FRActure MEchanics models of ice and snow for GLObal Warming risk mitigation,human_reviewed_mapped,http://data.europa.eu/sdg/13.1,not_recorded,Develops fracture models for ice and snow under climate change to improve avalanche hazard prediction and support adaptation.,objective,"how climate change/global warming will lead -on different size and time scales- to global ice and snow fragilization, and thus (iii) providing important societal benefits (e.g. dynamic avalanche risk maps), potentially saving human lives.",Target-level link confirmed by sole human reviewer R1. Dynamic risk maps and lives saved are intended downstream benefits; no emission reduction or demonstrated risk outcome is claimed.,"Single-human-reviewer, AI-assisted reference; not model predictions"
101073542,Anthropology of Global Climate Urgency,human_reviewed_mapped,http://data.europa.eu/sdg/13.3,not_recorded,"Trains doctoral researchers to study perceptions and implications of climate urgency, supporting climate knowledge sharing and human capacity.",objective,"We want to train doctoral candidates in understanding different perceptions on environmental and climatological urgency, their temporalities, and the political and environmental implications these understandings may have.",Target-level link confirmed by sole human reviewer R1. Intended policy and climate-response benefits remain downstream; integration into national plans under 13.2 is not established.,"Single-human-reviewer, AI-assisted reference; not model predictions"
101148826,Sub-Nanoscale Observation of Magnetic Monopole Noise,no_justified_mapping,,not_applicable,Sole human reviewer R1: the instrument is developed for detecting emergent magnetic monopoles in spin-ice materials; no distinct substantiated contribution to an SDG target is stated in the pinned CORDIS objective.,objective,,Sole human reviewer R1: the instrument is developed for detecting emergent magnetic monopoles in spin-ice materials; no distinct substantiated contribution to an SDG target is stated in the pinned CORDIS objective.,"Single-human-reviewer, AI-assisted reference; not model predictions"
101149910,Micro-behaviors Recognitions through Nonverbal Signals,no_justified_mapping,,not_applicable,"Sole human reviewer R1: research on AI micro-behavior recognition, without a substantiated sector of adoption or independent contribution to an SDG target; privacy preservation is a method requirement, not a documented institutional outcome.",objective,,"Sole human reviewer R1: research on AI micro-behavior recognition, without a substantiated sector of adoption or independent contribution to an SDG target; privacy preservation is a method requirement, not a documented institutional outcome.","Single-human-reviewer, AI-assisted reference; not model predictions"
101153162,CRISPR/Cas-based innovative electrochemical multiplexed immunosensor for specific detection of ovarian carcinoma biomarkers in urine,human_reviewed_mapped,http://data.europa.eu/sdg/3.4,not_recorded,Develops a CRISPR/Cas-enabled electrochemical biosensor for noninvasive early detection of ovarian carcinoma biomarkers in urine.,objective,"The proposed CRINOVA project will apply the CRISPR-mediated biosensing approach for the first time combining with immunoassay to detect OC protein biomarkers (cancer antigen 125, human epididymis protein 4 and mesothelin) noninvasively in urine of early stage (I/II) OC patients through electrochemistry.","Target-level link confirmed by sole human reviewer R1. Early diagnosis is an intended research pathway; clinical diagnostic performance, improved prognosis and population mortality reduction remain unproven.","Single-human-reviewer, AI-assisted reference; not model predictions"
101204687,Assessing Carbon Emission Impacts of Circular Economy Measures for Construction and Demolition Wastes in the European Union,human_reviewed_mapped,http://data.europa.eu/sdg/12.5,not_recorded,Assesses construction and demolition waste recovery and recycling measures and their potential effects on material and carbon flows.,objective,"The EU's circular economy (CE) initiatives, which encourage material recovery and recycling",Target-level link confirmed by sole human reviewer R1. The project evaluates existing or proposed circular economy measures; realized waste-generation reduction is not demonstrated.,"Single-human-reviewer, AI-assisted reference; not model predictions"
101204687,Assessing Carbon Emission Impacts of Circular Economy Measures for Construction and Demolition Wastes in the European Union,human_reviewed_mapped,http://data.europa.eu/sdg/13.2,not_recorded,Combines environmentally extended input-output and life-cycle models to assess carbon effects of circular economy measures and inform climate policy frameworks.,objective,"this research will uncover the gravity of the issue and inform policy frameworks, contributing to the EU's strategic environmental objectives and its path to Net-Zero Carbon.","Secondary target, weak: policy evidence may support integration of climate measures, but a specific national plan or implemented policy is not identified.","Single-human-reviewer, AI-assisted reference; not model predictions"
101276034,Digital Electrochemical Separation for Critical Raw Material Recovery: Metals and REEs,human_reviewed_mapped,http://data.europa.eu/sdg/12.2,not_recorded,Develops electro-active separation membranes to recover critical raw materials from dilute solutions and support more efficient resource use.,objective,"The selective recovery of Critical Raw Materials (CRMs) from dilute, multi-component aqueous solutions",Primary target confirmed by sole human reviewer R1. Recovery from secondary resources is intended; realized resource savings remain unmeasured.,"Single-human-reviewer, AI-assisted reference; not model predictions"
101276034,Digital Electrochemical Separation for Critical Raw Material Recovery: Metals and REEs,human_reviewed_mapped,http://data.europa.eu/sdg/9.5,not_recorded,Develops a novel programmable membrane-separation technology with potential for industrial critical-material recovery.,objective,"This project, DIGISEP, aims to overcome this scientific barrier by developing a novel class of electro-active, stimuli-responsive membranes for programmable ion separation.","Secondary target confirmed by R1, weak: development is proposed; laboratory validation, industrial adoption and sector-level capability gains have not been demonstrated.","Single-human-reviewer, AI-assisted reference; not model predictions"
101282533,Twist-Engineered Magnetism and Magnetotransport in CrSBr-Based Van Der Waals Heterostructures,no_justified_mapping,,not_applicable,"Sole human reviewer R1 identified basic 2D magnetism and CrSBr heterostructure research. Future spintronic device design is an expressed possibility, but no sufficiently specific applied development or independent SDG contribution is established in the pinned objective.",objective,,"Sole human reviewer R1 identified basic 2D magnetism and CrSBr heterostructure research. Future spintronic device design is an expressed possibility, but no sufficiently specific applied development or independent SDG contribution is established in the pinned objective.","Single-human-reviewer, AI-assisted reference; not model predictions"
101283536,ARANEA: Physics-Enhanced AI for Soil–Pile Interaction Monitoring,human_reviewed_mapped,http://data.europa.eu/sdg/9.1,not_recorded,Develops vibration-based structural health monitoring that combines physical models and AI to support reliable operation of offshore foundations and bridges.,objective,"Ensuring the resilience of critical infrastructure—especially offshore wind turbines and bridges—requires next-generation Structural Health Monitoring (SHM) that delivers real-time, interpretable, and uncertainty-robust diagnostics.",Target-level link confirmed by sole human reviewer R1. Resilience and safety monitoring are explicit; actual asset-life extension and equitable access outcomes are not demonstrated.,"Single-human-reviewer, AI-assisted reference; not model predictions"
101187966,"DIGITAfrica, Towards a comprehensive pan-African research infrastructure in Digital Sciences",human_reviewed_mapped,http://data.europa.eu/sdg/9.5,not_recorded,Establishes the strategic foundations for a pan-African digital-sciences research infrastructure to strengthen scientific capacity.,objective,"DIGITAfrica aims to lay the foundations of a pan-African comprehensive RI in Digital Sciences, which will have a transformative impact on AU-EU shared R&I, as well as innovative education and training.",Primary target confirmed by sole human reviewer R1. Strategic groundwork is proposed; physical deployment and research-capacity outcomes remain downstream.,"Single-human-reviewer, AI-assisted reference; not model predictions"
101187966,"DIGITAfrica, Towards a comprehensive pan-African research infrastructure in Digital Sciences",human_reviewed_mapped,http://data.europa.eu/sdg/17.6,not_recorded,"Facilitates AU–EU exchanges and dialogue to develop a shared, sustained international research initiative in digital sciences.",objective,"DIGITAfrica aims to exchange experiences, consult stakeholders, and foster dialogue to collaboratively develop a strategic approach.","Secondary target confirmed by R1. Science and technology cooperation and knowledge sharing are explicit project aims, distinct from routine consortium administration; the lasting initiative is intended.","Single-human-reviewer, AI-assisted reference; not model predictions"
101188365,TowaRds AdvaNced multidiSciplinary Fault ObseRvatory systeMs²,human_reviewed_mapped,http://data.europa.eu/sdg/9.5,not_recorded,"Integrates new sensors, detection workflows and test facilities to improve European near-fault research observatories.",objective,"TRANSFORM² has the ambitious goal of improving and transforming the existing NFOs, by integrating cutting-edge methodological and technological solutions, paving the road for the next generation NFOs across Europe.",Target-level link confirmed by sole human reviewer R1. Early-warning decision support is a planned subcomponent; adoption in municipal disaster-risk policies and reduced casualties are not established.,"Single-human-reviewer, AI-assisted reference; not model predictions"
101292376,"COordination, Management, Planning And Strategic Support for the Einstein Telescope Project​",human_reviewed_mapped,http://data.europa.eu/sdg/9.5,not_recorded,"Provides coordination, costing and strategic support for the early implementation of the Einstein Telescope research infrastructure.",objective,The ET-COMPASS project acts as the catalyst to address specific needs of the fledging organisation and turns them into opportunities for the early implementation phase of ET.,Target-level link confirmed by sole human reviewer R1. Organisational groundwork may enable future scientific capacity; scientific instrumentation and astronomical discoveries are not deliverables of this coordination action.,"Single-human-reviewer, AI-assisted reference; not model predictions"
101057522,"Adopting ISO 82304-2 and a trusted EU mHealth label for a single market that enables patients, citizens, health professionals, systems and authorities to benefit from a healthy supply of useful apps.",human_reviewed_mapped,http://data.europa.eu/sdg/3,not_recorded,Develops an EU quality-assessment and labelling scheme for health apps to help align approval processes and support informed health-app use.,objective,"Work is now needed to turn this globally endorsed quality assessment and health app quality label into the EU assessment and EU mHealth label, embed it within the approval and reimbursement processes of European countries and foster cross-country alignment of these approval processes.","Goal-level link confirmed by sole human reviewer R1. Adoption and clinical benefit are intended, not demonstrated; universal essential-care access under target 3.8 is not established.","Single-human-reviewer, AI-assisted reference; not model predictions"
101103217,"Building resilient research ethics, Diagnostics and medicines regulatory capacity during routine and public health emergency periods",human_reviewed_mapped,http://data.europa.eu/sdg/3.d,not_recorded,Builds clinical-trial and regulatory capacity for health technologies to support rapid responses to epidemics and other health emergencies.,objective,"BREEDIME will enable Tanzania to achieve rapid response clinical trial regulatory capacity for therapeutics, vaccines, and diagnostics;",Primary target confirmed by sole human reviewer R1. Capacity building is proposed; emergency-response performance and access outcomes remain to be demonstrated.,"Single-human-reviewer, AI-assisted reference; not model predictions"
101103217,"Building resilient research ethics, Diagnostics and medicines regulatory capacity during routine and public health emergency periods",human_reviewed_mapped,http://data.europa.eu/sdg/17.9,not_recorded,Establishes a South-South learning and mentoring mechanism for regulatory and ethical-review capacity in Rwanda and East Africa.,objective,"Rwanda, which recently established her Food and Drugs Agency will become the first mentee under the BREEDIME south-south networking in ethics and medicines regulatory capacity building.","Secondary target confirmed by R1, weak: targeted cross-border institutional capacity building is explicit, but a national SDG implementation plan is not identified.","Single-human-reviewer, AI-assisted reference; not model predictions"
101145817,Fortifying the automated smartphone-based Cough Audio classification for rapid triaGE testing for tuberculosis project,human_reviewed_mapped,http://data.europa.eu/sdg/3.3,not_recorded,Seeks to complete development and validation of a smartphone cough-audio classifier to triage people for confirmatory tuberculosis testing.,objective,"this classifier, which will report people as “likely TB” or “unlikely TB” for confirmatory testing, is embedded within a user-friendly mHealth app with on-device offline computation.","Target-level link confirmed by sole human reviewer R1. Extension funds completion of delayed original scope; diagnostic accuracy, clinical adoption and TB incidence reduction are not established.","Single-human-reviewer, AI-assisted reference; not model predictions"
101190669,Implementation of an Integrated Digital Health System for Infectious Diseases  in Maternal and Child Health In East Africa,human_reviewed_mapped,http://data.europa.eu/sdg/3.8,not_recorded,Scales up interoperable maternal and child health eRegistries to support more equitable access to essential healthcare.,objective,including enabling improved equitable access to essential healthcare,Primary target confirmed by sole human reviewer R1. Improved access is an intended contribution; universal coverage and actual access outcomes are not demonstrated.,"Single-human-reviewer, AI-assisted reference; not model predictions"
101190669,Implementation of an Integrated Digital Health System for Infectious Diseases  in Maternal and Child Health In East Africa,human_reviewed_mapped,http://data.europa.eu/sdg/3.b,not_recorded,Makes routinely collected longitudinal health data available for lower-cost epidemiological research and potential vaccine trials.,objective,The system will support epidemiological clinical research such as trialling vaccines at a low cost by using the real-world routinely collected data.,Secondary target confirmed by R1. The system supports future vaccine research; no particular vaccine candidate has been developed or evaluated within the stated project.,"Single-human-reviewer, AI-assisted reference; not model predictions"
101095170,"Countering Oppositional Political Extremism through Attuned Dialogue: Track, Attune, Limit.",human_reviewed_mapped,http://data.europa.eu/sdg/16,not_recorded,Develops and tests interventions intended to limit extreme narratives and strengthen trust in democratic institutions.,objective,develops an innovative attunement model and tests a series of interventions at the national and transnational levels which limit the spread of extremism. OppAttune revitalises trust in key democratic institutions.,"Goal-level link confirmed by sole human reviewer R1. The objective does not establish violence, terrorism or crime prevention under 16.a, or changes to representative decision-making under 16.7.","Single-human-reviewer, AI-assisted reference; not model predictions"
101132671,Detecting and Countering Information Suppression from A Transnational Perspective,human_reviewed_mapped,http://data.europa.eu/sdg/16,not_recorded,"Develops legal, regulatory, diplomatic and technological policy options to strengthen coordinated responses to foreign information manipulation.",objective,"present an expanded solution space by creating an interconnected menu of legal, regulatory, diplomatic and technological policy and regulatory options to help counter FIMI in a more coordinated and targeted fashion.","Goal-level link confirmed by sole human reviewer R1. Policy options are proposed, not adopted; public information access under 16.10 or violence/crime prevention under 16.a are not directly established.","Single-human-reviewer, AI-assisted reference; not model predictions"
101203247,Fast-Tracking the National Narrative for Climate-Neutral Urban Futures,human_reviewed_mapped,http://data.europa.eu/sdg/13.2,not_recorded,Coordinates actions and strengthens multi-level governance structures to support public authorities in advancing city transitions toward climate neutrality.,objective,CapaCITIES 2.0 is designed as a support action for national and regional authorities to advance their governance structures for providing dedicated support for cities to achieve the EU Climate-Neutral and Smart Cities Mission (EU Cities Mission),Target-level link confirmed by the sole human reviewer R1. Supports governance alignment and capacity building for climate neutrality transitions; actual policy adoption or integration of carbon-neutral measures into binding national plans remains a downstream outcome.,"Single-human-reviewer, AI-assisted reference; not model predictions"
101070670,A SCALABLE AND PRACTICAL PRIVACY-PRESERVING FRAMEWORK,human_reviewed_mapped,http://data.europa.eu/sdg/9.5,not_recorded,Develops a scalable and adaptable privacy-preserving software framework to enable cross-border federated data processing for researchers and developers.,objective,"ENCRYPT will develop a scalable, practical, adaptable privacy-preserving framework, allowing researchers and developers to process data stored in federated cross-border data spaces in a GDPR-compliant way.",Target-level link confirmed by the sole human reviewer R1. Core focus is on upgrading technological capacity and software infrastructure for scientific research; the multi-sector validation campaign remains an intended downstream milestone.,"Single-human-reviewer, AI-assisted reference; not model predictions"
101168023,Transport resilience against Cyber and Non-Cyber Events to prevent Network Disruption,human_reviewed_mapped,http://data.europa.eu/sdg/9.1,not_recorded,Provides advanced tools and guidelines integrated into a Control Tower platform to enhance the protection and physical/cyber resilience of freight transport critical infrastructures.,objective,"The overarching objective of TRANSCEND is to provide freight transport critical infrastructure operators with an integrated set of advanced tools, guidelines and technological solutions to reduce risk, and enhance the protection and resilience of their critical infrastructure and interrelated critical infrastructures against physical, cyber and hybrid threats.",Target-level link confirmed by the sole human reviewer R1. Focuses directly on upgrading the resilience and reliability of cross-border transport and logistics networks; real-world disruption reductions remain to be demonstrated across the five stated pilot installations.,"Single-human-reviewer, AI-assisted reference; not model predictions"
101168393,Countering Crime and Terrorism and their Links to Transnational Illegal Activities by Fostering International Cooperation,human_reviewed_mapped,http://data.europa.eu/sdg/16.a,not_recorded,Develops an integrated platform and data frameworks to enhance the operational and investigative capabilities of Law Enforcement Agencies against organized crime and terrorism.,objective,"significantly increasing/broadening the operational capabilities of LEAs in their struggle to detect, analyse, track, investigate and prevent cross-border illicit activities of high-risk criminal networks, migrant smuggling, firearms, drugs, child exploitation, terrorism, cyber and intellectual property crime coordinated through the digital world.","Target-level link confirmed by the sole human reviewer R1. Focuses directly on capacity building and international cooperation to prevent violence, terrorism, and cross-border crime; real-world reductions in illicit network activities remain downstream goals to be demonstrated.","Single-human-reviewer, AI-assisted reference; not model predictions"
101080152,Truly Resilient Quantum Limited Traveling Wave Parametric Amplifiers,human_reviewed_mapped,http://data.europa.eu/sdg/9.5,not_recorded,Develops a new generation of traveling wave parametric amplifiers with industry partners to deliver off-the-shelf components for quantum technologies and research.,objective,"This specialized knowledge is complemented by the expertise of two industry partners, to push a new generation of TWPAs to off-the-shelf components contributing to the growth of quantum technologies in Europe and at the same time pushing forward basic science research.",Target-level link confirmed by the sole human reviewer R1. Focuses on upgrading technological and hardware innovation capacity for the European quantum tech sector; wide commercial adoption and market availability remain downstream project goals.,"Single-human-reviewer, AI-assisted reference; not model predictions"
101135455,INNOVATIVE DELTA QUALIFICATION APPROACH FOR ELECTRIC PROPULSION SYSTEMS,human_reviewed_mapped,http://data.europa.eu/sdg/9.5,not_recorded,Develops a delta-qualification methodology to adapt an established electrical space propulsion system to krypton propellant and integrate an EU-sourced cathode emitter.,objective,INVICTUS proposes to implement a delta-qualification approach to extend the qualification status of an established electrical propulsion system.,Target-level link confirmed by the sole human reviewer R1. Focuses on upgrading technological and qualification capabilities within the European aerospace sector; attainment of TRL8 and fleet deployment by 2027 remain downstream project targets.,"Single-human-reviewer, AI-assisted reference; not model predictions"
101178689,Boosting the Industrial Uptake of Biodegradable polymers for packaging applications by implementing digital tools and advanced techniques to achieve a holistic sustainability goal,human_reviewed_mapped,http://data.europa.eu/sdg/12.5,not_recorded,Evaluates recyclability and develops tools and guidelines for the circular design of novel bioplastic packaging materials to support waste generation reduction.,objective,"Additionally, the recyclability of the new products will be evaluated. The data and conclusions of these assessments will be useful for: i) the development of guidelines and tools for circular design contributing to the adoption of the Safe and Sustainable by Design (SSbD) Framework;",Target-level link confirmed by the sole human reviewer R1. Focuses on testing recyclability and establishing circular design frameworks for packaging; the development of TRL7 prototypes and the projected replacement of 50000 tonnes of conventional plastics by 2032 remain downstream expectations.,"Single-human-reviewer, AI-assisted reference; not model predictions"
101295335,"Remanufacturing Upscaling via Semantic and interoperable digital Twins towards circuLar, AI-driven, standardized and Industry 5.0-ready manuFacturing Ecosystems",human_reviewed_mapped,http://data.europa.eu/sdg/12.5,not_recorded,Scales up AI-enabled and interoperable remanufacturing workflows to keep automotive and industrial components in service longer and reduce waste generation.,objective,"RUST2LIFE couples process, data and human-centred AI to keep components in service longer, at lower environmental footprint and with certification-grade assurance, strengthening Europe’s industrial resilience and competitiveness.",Primary target confirmed by the sole human reviewer R1. Focuses on scaling high-quality remanufacturing to keep material components in active service loops; wide industrial adoption beyond the stated pilots remains a downstream goal.,"Single-human-reviewer, AI-assisted reference; not model predictions"
101295335,"Remanufacturing Upscaling via Semantic and interoperable digital Twins towards circuLar, AI-driven, standardized and Industry 5.0-ready manuFacturing Ecosystems",human_reviewed_mapped,http://data.europa.eu/sdg/9.4,not_recorded,Implements digital twins and AI agents in automotive factory pilots to modernise processes and reduce energy and greenhouse gas emissions per component.,objective,"Three PDCA pilot cycles at leading automotive sites progressively validate the approach to TRL7, targeting doubled remanufactured volumes vs 2021 baselines while reducing energy and GHG per component and preserving market-grade quality.",Secondary target confirmed by R1. Proposes operational factory workflows to upgrade industrial sustainability and resource efficiency; target reductions and TRL7 validation are planned project milestones.,"Single-human-reviewer, AI-assisted reference; not model predictions"
101056938,Dynamic Techno-Economical Scenario Simulation Model for Sustainable Waterborne Activities and Transport,human_reviewed_mapped,http://data.europa.eu/sdg/7,not_recorded,Applies scenario simulation techniques to develop a dynamic techno-economic model for evaluating sustainable fuel deployment within the waterborne transport network.,objective,"We are ready to apply existing scenario simulation techniques, containing among others regional information on transport network and hindcast data of weather conditions (for regional energy production), to simulate different scenarios of sustainable fuel deployment.",Goal-level link confirmed by the sole human reviewer R1. Focuses on modeling and evaluating energy transition pathways for maritime and fluvial transport; real-world deployment of alternative fuels and environmental benefits remain unproven downstream outcomes.,"Single-human-reviewer, AI-assisted reference; not model predictions"
101069573,"Safety assUraNce fRamework for connected, automated mobIlity SystEms",human_reviewed_mapped,http://data.europa.eu/sdg/9.5,not_recorded,"Develops harmonized safety assessment methodologies, simulation frameworks and a federated European Scenario Database to upgrade testing capabilities for automated mobility systems.",objective,"The project will define, implement and demonstrate the building blocks of this Safety Assurance Framework: harmonized and scalable safety assessment methodologies, procedures and metrics taylored for use cases, a federated European Scenario Database framework and its necessary data interfaces, a commonly agreed simulation framework including tools and interfaces.",Target-level link confirmed by the sole human reviewer R1. Focuses directly on upgrading the technological and standardization capabilities of the automated transport sector; full deployment and widespread adoption of the safety framework are intended downstream project milestones.,"Single-human-reviewer, AI-assisted reference; not model predictions"
101137725,Battery Cell Assembly Twin,human_reviewed_mapped,http://data.europa.eu/sdg/9.5,not_recorded,Develops an interoperable digital twin framework integrating data-driven and physics-based methods to enhance the technological capacity of battery manufacturing.,objective,"BatCAT is the project that realizes the manufacturability programme from the BATTERY 2030+ Roadmap, creating a digital twin for battery manufacturing that integrates data-driven and physics-based methods.",Target-level link confirmed by the sole human reviewer R1. Focuses directly on upgrading data architecture and scientific modeling capabilities for the industrial energy storage sector; validation in pilot lines and widespread industrial uptake remain downstream goals.,"Single-human-reviewer, AI-assisted reference; not model predictions"
101137932,NOVEL DOMESTIC BATTERY GRADE LITHIUM CARBONATE VALUE CHAIN FOR GREEN LIFE,human_reviewed_mapped,http://data.europa.eu/sdg/12.2,not_recorded,Develops extraction technologies to recover lithium from underutilised low-grade ores and post-mining tailings to support sustainable resource management.,objective,"Li4Life proposal creates of an efficient technology for the extraction of lithium from poor or complex ores of underutilised deposits, as well as post-mining tailings, as the basis for the development of future clean energy.",Primary target confirmed by the sole human reviewer R1. Focuses directly on efficient metal extraction and the utilization of secondary mining waste; reduction in total primary resource consumption and local environmental impacts has not been demonstrated.,"Single-human-reviewer, AI-assisted reference; not model predictions"
101137932,NOVEL DOMESTIC BATTERY GRADE LITHIUM CARBONATE VALUE CHAIN FOR GREEN LIFE,human_reviewed_mapped,http://data.europa.eu/sdg/9.5,not_recorded,Pioneers novel metallurgical processing and chemical purification methods to upgrade the technological capacity for battery-grade lithium production.,objective,"This is possible by creating an innovative value chain for domestic lithium raw materials. Li4Life's pathway to this ambition - novel processing methods, and purification up to battery-grade lithium carbonate to overcome existing barriers, namely the lack of a sustainable social licence to operate (SLO) and compliance with strict EU environmental laws.",Secondary target confirmed by R1. Proposes new technical pathways and purification methods to overcome processing barriers; the targeted 5% increase in domestic EU supply by 2030 and a sustainable social licence to operate remain intended outcomes.,"Single-human-reviewer, AI-assisted reference; not model predictions"
101086524,NUTRI-KNOW - BROADENING THE IMPACT OF EIP-AGRI OPERATIONAL GROUPS IN THE FIELD OF NUTRIENT MANAGEMENT: KNOWLEDGE EXPLOITATION AND EASY-TO-UNDERSTAND           MATERIAL FOR FARMERS AND PRACTITIONERS,human_reviewed_mapped,http://data.europa.eu/sdg/4.4,not_recorded,Translates and transfers practice-oriented nutrient management knowledge into easy-to-understand materials for farmers to support technical and professional skills.,objective,"(3) Consolidation and translation of the knowledge in a language that can be easy to understand for farmers and practitioners, (4) Delivery and transfer of the practice-oriented material created in the communication channels most consulted by farmers","Target-level link confirmed by the sole human reviewer R1, weak. Establishes non-formal agricultural extension channels for practical technical knowledge; the objective provides no evaluation of actual competence acquisition or verified professional outcomes.","Single-human-reviewer, AI-assisted reference; not model predictions"
101157265,"Innovative practices, tools and products to boost soil fertility and peat substitution in horticultural crops",human_reviewed_mapped,http://data.europa.eu/sdg/2.4,not_recorded,Integrates and validates innovations in soil management practices and peat-free substrates to enhance soil health in horticultural crops.,objective,"The main objective of SPIN-FERT is to integrate optimised and validated innovations in soil management practices and improve peat-free substrates to enhance soil health in vegetable, fruit and ornamental crops.",Target-level link confirmed by the sole human reviewer R1. Focuses on field-testing practices and protocols to improve soil quality parameters; large-scale adoption and verified soil health restoration are downstream outcomes.,"Single-human-reviewer, AI-assisted reference; not model predictions"
101157265,"Innovative practices, tools and products to boost soil fertility and peat substitution in horticultural crops",human_reviewed_mapped,http://data.europa.eu/sdg/12.2,not_recorded,"Leverages agro-food by-products to formulate alternative peat-free substrates, supporting more sustainable and efficient resource use in agriculture.",objective,"SPIN-FERT will leverage agro-food by-products into resources for agricultural production, exploiting them further into peat-free substrates. These and reconditioned coir will be formulated with specifically selected microbial strains to improve their characteristics and applicability, particularly for nursery industry.",Target-level link confirmed by R1. Focuses on raw material valorization and alternative substrate formulations; reductions in primary resource extraction or quantified eco-efficiency gains remain to be demonstrated.,"Single-human-reviewer, AI-assisted reference; not model predictions"
101180710,Effective Monitoring and Modelling solutions for data-driven hOlistic management of URBAN water quality,human_reviewed_mapped,http://data.europa.eu/sdg/6.3,not_recorded,Develops open-access urban water digital twins and monitoring technologies to identify pollution hotspots and prioritize control actions.,objective,3) Demonstrating open-access urban water digital twins assimilating monitoring data to identify hotspots and prioritize pollution control actions under current and future climate scenarios,"Target-level link confirmed by the sole human reviewer R1. Focuses directly on tracking and modeling contaminants across urban water infrastructure; demonstration in three case studies, implementation of risk-based city management plans and verified pollution reductions remain intended outcomes. Zero pollution impact is an ambition.","Single-human-reviewer, AI-assisted reference; not model predictions"
101181582,Portable air analysis device for on-site pest detection during plants import controls,human_reviewed_mapped,http://data.europa.eu/sdg/15.8,not_recorded,Develops a non-contact portable detection unit based on VOC biomarkers to screen imported plants and prevent plant pest invasions.,objective,"Adopting the PDU is expected to save the EU €0.31–1.08 billion a year, while inspecting 90% of imported plants to limit the risk of plant pest invasions.","Target-level link confirmed by the sole human reviewer R1. Focuses on technological prevention of plant pest introduction at EU borders; the 90% inspection rate, economic savings, TRL7 validation and biosecurity efficacy remain projected outcomes. The objective does not identify priority species or demonstrate control or eradication of established species.","Single-human-reviewer, AI-assisted reference; not model predictions"
101121093,Ecosystem synergies towards cross-border scale-up of innovative Digital and Deep Tech start-ups,human_reviewed_mapped,http://data.europa.eu/sdg/8.3,not_recorded,Implements an acceleration and investment readiness programme to support the cross-border scale-up and market expansion of innovative technology startups.,objective,"WP4 aims to set up the acceleration programme, including impact assessment, and monitoring framework, start-up enrolment, assessment and selection, and implementation of the programme, that includes investment readiness training, investors and start-ups matching and market discovery missions.","Target-level link confirmed by the sole human reviewer R1. Focuses directly on providing acceleration and investor-matching mechanisms to promote high-tech entrepreneurship; actual investment secured, business growth, and employment creation remain downstream outcomes.","Single-human-reviewer, AI-assisted reference; not model predictions"
101130740,Biophotonic Nanoparticle-enabled Laser Blood Test for Early Detection of Pancreatic Cancer,human_reviewed_mapped,http://data.europa.eu/sdg/3.4,not_recorded,Develops a biophotonic in vitro diagnostic test based on protein corona fluorescence lifetime fingerprints for early detection of pancreatic cancer.,objective,"At a second stage, the project will validate on humans the use of the FL fingerprint of protein corona as a tool for the early diagnosis of PDAC.","Target-level link confirmed by the sole human reviewer R1. Focuses directly on early diagnosis research for a non-communicable disease; human validation and widespread population screening remain intended outcomes. The objective presents no verified diagnostic performance or mortality reduction; its 80% estimate is contextual, not a demonstrated project result.","Single-human-reviewer, AI-assisted reference; not model predictions"
101298471,"The most compact, efficient and lowest cost electric drive unit to accelerate adoption of electric vehicles",human_reviewed_mapped,http://data.europa.eu/sdg/7.3,not_recorded,Develops an electric vehicle drive unit designed to reduce energy losses and improve transport energy efficiency.,objective,"DeepDrive is developing the Central Drive unit, the most compact (60kg, 25% lighter than state-of-the-art), powerful (40% higher torque density), efficient, (<15 Wh/Km losses for C-segment vehicles), and affordable (at least 15% cost reduction potential) electric drive unit, easily scalable and fitting into almost every electrical vehicle in the market.","Target-level link confirmed by the sole human reviewer R1. Component-level efficiency values are performance claims made in the objective, not independently verified. The objective reports validation on test benches and in vehicles; wide market adoption remains an intended outcome.","Single-human-reviewer, AI-assisted reference; not model predictions"
101298471,"The most compact, efficient and lowest cost electric drive unit to accelerate adoption of electric vehicles",human_reviewed_mapped,http://data.europa.eu/sdg/12.2,not_recorded,Uses a dual-rotor machine design to reduce magnet material and laminated steel requirements in electric vehicle component manufacturing.,objective,"The core of our innovative concept is our patented Dual Rotor, Radial Flux technology which combines inner and outer runners in one single electrical machine, significantly reducing demand for active materials (50% less magnet material, 80% less laminated steel) with no need of heavy rare earth elements.","Target-level link confirmed by R1. Material savings and avoidance of heavy rare earth elements are proponent claims in the objective, not independently verified. The objective reports bench and vehicle validation; full-scale industrial adoption and the 2035 revenue target remain prospective.","Single-human-reviewer, AI-assisted reference; not model predictions"
101306994,"Synthetic Meiosis, Alternative Regeneration strategies, innovative Tools for Editing and targeting Regulatory regions in FRUIT crops",human_reviewed_mapped,http://data.europa.eu/sdg/2.4,not_recorded,Develops and optimizes advanced NGT-based tools to accelerate breeding and enhance resilience to combined climate stresses in fruit tree crops.,objective,"SMARTER-FRUIT integrates complementary methodologies to accelerate breeding and enhance resilience to combined climate stresses in fruit trees, while broadening genetic diversity to meet the regulatory requirements for NGTs.",Target-level link confirmed by the sole human reviewer R1. Focuses on biotechnological tools to strengthen crop resilience against climate pressures; the objective provides no field productivity results or verified grower adoption. The 'Programmable Orchard' is a long-term ambition.,"Single-human-reviewer, AI-assisted reference; not model predictions"
190175375,Pioneering diagnostics in dermatology and cancer,human_reviewed_mapped,http://data.europa.eu/sdg/3,not_recorded,Provides an automated molecular diagnostic platform for dermatology intended to improve patient treatment and reduce healthcare costs.,objective,"At Dermagnostix, we have developed a comprehensive technological platform for fast and objective molecular diagnostics in dermatology to reduce health care costs and improve patient treatment.","Goal-level link confirmed by the sole human reviewer R1. Specific non-communicable diseases or target-level mortality pathways (3.4) are not established in the objective. The proponent reports that the platform has been developed, with 90-minute processing and up to 40 molecular targets; these claims were not independently verified. The up-to-50% figure describes conventional misdiagnoses, not a reduction achieved by the platform.","Single-human-reviewer, AI-assisted reference; not model predictions"
101071868,UTILIZING IOT-SYSTEMS FOR DECENTRALIZED PRODUCTION CONTROL AND OFFERING SURPLUS PRODUCTION CAPACITIES ON A PRODUCTION PLATFORM,human_reviewed_mapped,http://data.europa.eu/sdg/9.5,not_recorded,Transfers academic research into a decentralized production control system to equip existing production infrastructure and upgrade its automation capabilities.,objective,"we developed a decentralized production control system, with which existing production systems can be equipped. These control systems then communicate with each other in order to subsequently take over production control automatically. This leads to significant improvements in production processes.","Target-level link confirmed by the sole human reviewer R1. Focuses directly on upgrading the technological capacity of industrial manufacturing systems; the proponent reports that the decentralized control system has been developed, while widespread industry adoption and independently verified operational improvements remain downstream outcomes. The stated 565000 EUR grant and corporate timeline are proponent-reported background facts.","Single-human-reviewer, AI-assisted reference; not model predictions"
101113939,Development of advanced AI algorithms for remote patient monitoring,human_reviewed_mapped,http://data.europa.eu/sdg/3,not_recorded,Advances and optimizes AI algorithms within an app-based remote monitoring platform to support preventative healthcare and extend clinical reach to patients' homes.,objective,Doctomatic’s mission is to both save lives using AI as a preventative healthcare tool whose data is transformed into a personalised early detection system and remove the burden of our saturated healthcare systems by extending the clinician’s reach to the patients’ home.,"Goal-level link confirmed by the sole human reviewer R1. Improves algorithms in an existing remote patient monitoring platform to support preventative care. The objective does not sufficiently establish a specific contribution to premature mortality from non-communicable diseases (3.4), universal or equitable access (3.8), or national and global health risk management (3.d). Claims of prevention, reduced chronic conditions and comorbidities, and treatment cost optimization are proponent statements without independent validation in this analysis.","Single-human-reviewer, AI-assisted reference; not model predictions"
101304810,European Interconnected Innovation Ecosystems for Cybersecurity Readiness,human_reviewed_mapped,http://data.europa.eu/sdg/9.5,not_recorded,"Provides interregional coordination, policy models, and investment roadmaps to strengthen innovation capacities and regulatory readiness across European cybersecurity ecosystems.",objective,"The project maps regional cybersecurity ecosystems and policy frameworks, facilitates structured peer-learning dialogues and co-design of methodologies supporting innovation and regulatory readiness, develops policy models, indicators and monitoring tools for cross-regional alignment, and co-creates a Joint Interregional Roadmap 2026–2028 defining shared priorities for investment and cooperation.","Target-level link confirmed by the sole human reviewer R1. Provides organizational and strategic support to strengthen technological innovation capabilities in cybersecurity, without directly developing operational cybersecurity tools. The Joint Interregional Roadmap 2026–2028, investment mobilization, and cross-regional capacity gains are planned outcomes. NIS2 regulatory readiness is an applied component of the innovation support framework; the objective does not establish a distinct SDG 16 institutional contribution or a sufficiently delimited SME growth mechanism for 8.3.","Single-human-reviewer, AI-assisted reference; not model predictions"
101159520,EIT Culture & Creativity Business Plan 2024-2025,human_reviewed_mapped,http://data.europa.eu/sdg/8.3,not_recorded,"Implements incubation and acceleration programmes to support the growth, scalability, and competitiveness of micro, small, and medium-sized creative businesses.",objective,"support more than 90 companies (Start-ups, Scale-ups and SMEs), incubate more than 10 Start-ups through our incubation and acceleration programmes.","Primary target confirmed by the sole human reviewer R1. Supports business creation and growth within the cultural and creative sectors. The stated 2025 company support and incubation numbers are planned milestones in the pinned objective, not independently verified achieved results.","Single-human-reviewer, AI-assisted reference; not model predictions"
101159520,EIT Culture & Creativity Business Plan 2024-2025,human_reviewed_mapped,http://data.europa.eu/sdg/4.4,not_recorded,"Plans training for 1,500 students in the cultural and creative sectors to address identified industry skills gaps and support relevant professional competencies.",objective,"By 2025, EIT CC will train 1,500 students","Secondary target confirmed by R1. The training commitment is interpreted in the context of the stated sectoral skills gaps. The objective does not specify the training modality, curriculum, competence assessment, or verified learning and employment outcomes; the 2025 student count remains a stated project target.","Single-human-reviewer, AI-assisted reference; not model predictions"
101270329,EIT Higher Education Initiative - Scaling Europe’s Innovation Ecosystems,human_reviewed_mapped,http://data.europa.eu/sdg/4,not_recorded,Provides targeted funding and capacity building to higher education institutions to embed innovation and entrepreneurship into their institutional strategies and education systems.,objective,"At its core, the EIT Higher Education Initiative provides targeted funding and capacity building to help universities embed innovation and entrepreneurship into their strategies, governance, and education systems.","Goal-level link confirmed by the sole human reviewer R1. Supports strategic and institutional transformation of higher education. The objective does not sufficiently delimit student skills development (4.4) or a specific mechanism strengthening scientific research or industrial technological capabilities (9.5). Learning, competence, and knowledge-transfer effects remain unverified in this analysis. The stated success and institutional reach of past phases are proponent-reported historical context.","Single-human-reviewer, AI-assisted reference; not model predictions"
101087081,Strengthening Computational Biodiversity Research in Greece,human_reviewed_mapped,http://data.europa.eu/sdg/9.5,not_recorded,"Establishes a Biodiversity Computing Group at ICS-FORTH and strengthens scientific research capacity through computational methods, open-source software, and researcher recruitment and training.",objective,to set up an interdisciplinary and internationally visible Biodiversity Computing Group (BCG) at the Institute of Computer Science at the Foundation for Research and Technology Hellas (ICS-FORTH). The BCL shall substantially and sustainably strengthen computational biodiversity research and research on computational methods for disentangling molecular evolution in Crete with a spill-over effect to Greece.,"Target-level link confirmed by the sole human reviewer R1. The contribution is institutional scientific capacity building rather than a demonstrated ecosystem conservation intervention. Group creation, open-source software, and talent attraction are planned outputs; sustained capacity gains, researcher retention, and ecological conservation effects are not demonstrated in the objective. The BCG/BCL acronym discrepancy is preserved verbatim in the evidence.","Single-human-reviewer, AI-assisted reference; not model predictions"
101090338,Impacts of Changing Climate on Arctic Shelf Hydrogeology,human_reviewed_mapped,http://data.europa.eu/sdg/13.3,not_recorded,Develops computational models and a predictive framework on Arctic permafrost and hydrogeology to support institutional climate risk assessment.,objective,"bridging key knowledge gaps and offering comprehensive predictive framework to government agencies, NGOs, and commercial entities for assessment of warming-related risks in the Arctics.","Target-level link confirmed by the sole human reviewer R1. The declared external use of the predictive framework supports institutional capacity regarding climate change impacts. Framework development and external utilization are planned outputs; institutional adoption, improved risk assessment, and impact reduction are not demonstrated. Individual geophysical training is integrated into project execution and does not establish a separate education contribution. The general self-declaration of SDG alignment is not used as evidence.","Single-human-reviewer, AI-assisted reference; not model predictions"
101158714,"Twinning Laboratory for an Innovative, Global Hub To Explore the Deep",human_reviewed_mapped,http://data.europa.eu/sdg/9.5,not_recorded,"Implements institutional Twinning through staff exchanges, expert visits, training schools, and joint research missions to strengthen deep-sea research and innovation capacity at ARDITI in Madeira.",objective,"Development activities include staff exchanges, expert visits, training schools, joint research missions, the International Twilighted Conference and novel cross-sector workshops stimulating creativity in solving the ocean’s greatest challenges (the Impossible Things Workshops). Such capacity-building will not only catalyze deep-sea RD&I in Madeira, but ensure a lasting impact on the deep-sea scientific landscape, sustainable ocean policy and Madeira’s socioeconomic development.","Target-level link confirmed by the sole human reviewer R1. Strengthens institutional scientific capacity through research cooperation and training. Capacity-building activities and low-cost alternatives to deep-sea research technologies are planned outputs; lasting scientific capacity gains, sustainable ocean policy effects, and regional socioeconomic development are not demonstrated. The objective does not establish the developing-country benefit nexus specified in 14.a or the North-South, South-South, or triangular cooperation mechanism in 17.6.","Single-human-reviewer, AI-assisted reference; not model predictions"
101334356,Young Migrants in Outermost Europe 2026,human_reviewed_mapped,http://data.europa.eu/sdg/4,not_recorded,"Investigates the impact of educational policies and learning environments on migrant integration while strengthening educator, practitioner, and policymaker capacity in Outermost Regions.",objective,"empirically evaluating the impact of educational policies on integration; investigating how physical and symbolic learning environments shape educational outcomes; strengthening the capacity of educators, practitioners, and policymakers.","Goal-level link confirmed by the sole human reviewer R1. Educational policy research and learning environments are the stated mechanisms supporting migrant integration. The objective does not sufficiently delimit an equal-access mechanism (4.5) or an intervention to improve educational facilities (4.a). No specific professional training programme is described. Migration data gaps and Global Compact references provide research context; improved inclusion, educational outcomes, practitioner capacity, and policy adoption are intended effects rather than demonstrated results.","Single-human-reviewer, AI-assisted reference; not model predictions"
101124648,Support to Retirement Savings Vehicle for European Research Institutions and research performing individuals (RESAVER),human_reviewed_mapped,http://data.europa.eu/sdg/1.3,not_recorded,Internalizes management functions and implements promotional activities to strengthen and expand a cross-border occupational pension fund supporting the social security of mobile researchers.,objective,The overall aim of the RESAVER Pension Fund as a significant development relevant for the social security of mobile researchers is to ensure free circulation of researchers by removing pension as an obstacle to mobility,"Partial target-level link with explicit limitations confirmed by the sole human reviewer R1. Strengthens a multi-country occupational pension vehicle serving a specific professional category. The objective does not demonstrate expanded coverage of poor or vulnerable populations, establishment of social protection floors, or universal coverage. Growth and cost-efficiency improvements are project aims; stated past operational efficiency and success are proponent-reported claims without independent validation in this analysis.","Single-human-reviewer, AI-assisted reference; not model predictions"
101157697,BUILDING ON THE ACHIEVEMENTS OF PLAN S TO FURTHER ADVANCE OPEN ACCESS AND SCHOLARLY COMMUNICATION,human_reviewed_mapped,http://data.europa.eu/sdg/16.10,not_recorded,Provides an independent review and recommendations to strengthen cOAlition S and advance full and immediate Open Access to scholarly publications.,objective,"The OA-Advance project will contribute to strengthening cOAlition S as an instrument to advance the European Commission’s and participating funders’ shared vision to deliver full and immediate OA.  It will work to achieve this by assessing the impact of Plan S through an independent review, and by providing recommendations on how to build on the achievements of Plan S to support a new vision for the future of scholarly publishing.","Target-level link confirmed by the sole human reviewer R1, limited to public access to scientific information. The action is advisory and focused on scholarly communication; adoption of recommendations and increased effective access are not demonstrated. No separate intervention protecting fundamental freedoms or independently verified legal compliance is established. Historical claims about Plan S and cOAlition S are proponent-reported context.","Single-human-reviewer, AI-assisted reference; not model predictions"
101292454,European Alliance for Knowledge Valorisation,human_reviewed_mapped,http://data.europa.eu/sdg/9.5,not_recorded,"Builds a European Alliance of knowledge-valorisation intermediaries to coordinate academia-industry links, cross-sector exchange, and interoperable routines supporting knowledge transfer and innovation capacity.",objective,"ALL4KV builds a European Alliance of knowledge-valorisation intermediaries: a practical bridge between academia, industry, public authorities and society so that the Guiding Principles and the four Codes of Practice become daily practice.","Target-level link confirmed by the sole human reviewer R1. Provides organizational support for knowledge valorisation in the European Research Area. Effective adoption of the Codes of Practice and aggregate research and innovation capacity gains are intended effects, not demonstrated results. The objective does not describe direct technology development. Citizen-engagement and cluster partners are implementation participants rather than evidence of separate SDG 10, 16, or 17 contributions.","Single-human-reviewer, AI-assisted reference; not model predictions"
