project_id,title,cohort,run_id,project_state,proposal_technical_state,concept_uri,confidence_level,contribution_mechanism,rationale,uncertainty,evidence_field,evidence_excerpt,validation_status,validation_reason,abstention_reason,error,provenance
101042244,"Medical Electricity, Embodied Experiences, and Knowledge Construction in Europe and the Atlantic World, c.1740-1840",pilot,ollama-pilot-3a4834bb7792,validated_proposals_pending_review,validated_candidate,http://data.europa.eu/sdg/5.4,strong,ELBOW uses an innovative methodological approach to analyze historical everyday experiences and embodied knowledge.,"The project aims to understand how patients' embodied and experiential knowledge influenced the development of medical knowledge, which can inform contemporary practices of care and understanding.",uncertain,objective,"ELBOW devises an innovative methodological approach to tease out patients’ embodied experiences and epistemological beliefs from a variety of sources, including scientific treatises, doctors’ casebooks, advertisements, fiction, and ego-documents.",validated_candidate,,,,Local model proposal; technically validated or rejected; human review pending
101054755,New ERA - Towards a responsible knowledge driven society of the 3rd Millenium,pilot,ollama-pilot-3a4834bb7792,validated_proposals_pending_review,validated_candidate,http://data.europa.eu/sdg/8.7,weak,"The research will analyze and provide insights on the proposed Council Recommendation for a Pact for Research and Innovation in Europe, and the new ERA governance structure, contributing to the development of appropriate policies and structures.","The research will provide detailed analysis and recommendations on the proposed policies, which can be used to design and implement appropriate ERA policies.",uncertain,objective,The first day of the ERA conference focuses on the Commission’s proposal for a Council Recommendation on a Pact for Research and Innovation in Europe  and the new ERA governance structure.,validated_candidate,,,,Local model proposal; technically validated or rejected; human review pending
101069990,AI enabled artistic solutions for sustainable food systems,pilot,ollama-pilot-3a4834bb7792,rejected_proposals_pending_review,rejected_candidate,http://data.europa.eu/sdg/11,strong,"Growers, agricultural specialists, artists, designers, and creative thinkers collaborate to develop new ideas for a sustainable future food system.",The project aims to integrate diverse perspectives and creative thinking to address the challenge of feeding cities sustainably.,uncertain,objective,"To answer this question in this project, growers, and agricultural specialists' team up with artists, designers and creative thinkers to come up with new ideas for the future food system.",rejected_candidate,unverified_evidence,,,Local model proposal; technically validated or rejected; human review pending
101075975,Decoding Extracellular Vesicle-mediated organ crosstalk in vivo,pilot,ollama-pilot-3a4834bb7792,validated_proposals_pending_review,validated_candidate,http://data.europa.eu/sdg/16.7,strong,I will decode hepatic EV communication routes in vivo in health and liver pathology by exploiting my model system combined with novel tools and high-resolution microscopy.,"The research directly examines the mechanisms of EV communication in liver health and pathology, which is essential for understanding inter-organ crosstalk.",uncertain,objective,"To this end, I will decode hepatic EV communication routes in vivo in health and liver pathology by exploiting my model system combined with novel tools and high-resolution microscopy.",validated_candidate,,,,Local model proposal; technically validated or rejected; human review pending
101084341,"NATURESCAPES: NATURE-BASED SOLUTIONS FOR CLIMATE RESILIENT, NATURE POSITIVE AND SOCIALLY JUST COMMUNITIES IN DIVERSE LANDSCAPES",pilot,ollama-pilot-3a4834bb7792,validated_proposals_pending_review,validated_candidate,http://data.europa.eu/sdg/16.7,strong,"The research will analyze the synergies/trade-offs emerging for climate, biodiversity and communities in 30 'naturescapes' across Europe, Latin America and the Caribbean (LAC) and the USA, including 12 in-depth case-studies.","The research directly addresses the need for understanding the impacts of NBS on diverse communities, especially in disadvantaged areas, which is essential for designing effective and just governance arrangements.",uncertain,objective,"NATURESCAPES will advance our understanding of how NBS across interconnected urban, rural and coastal landscapes generate benefits for diverse communities, particularly in areas of socio-economic disadvantage, inequity and risk.",validated_candidate,,,,Local model proposal; technically validated or rejected; human review pending
101094639,THE URBAN BURDEN OF DISEASE ESTIMATION FOR POLICY MAKING,pilot,ollama-pilot-3a4834bb7792,validated_proposals_pending_review,validated_candidate,http://data.europa.eu/sdg/11.6,strong,"The research will develop and validate new methodologies for assessing the health and economic impacts of environmental stressors in urban areas, and will disseminate these methods to urban planners and policymakers.","The research directly addresses the need for improved methods to quantify the impacts of environmental stressors on urban populations, which is essential for evidence-based policy making.",strong,objective,"The proposed work aims to improve the estimation of health impacts and socio-economic costs and/or benefits of environmental stressors, advance methodological approaches and foster their acceptance as common good practice for urban areas, to help strengthen evidence-based policy making at city, national and EU level.",validated_candidate,,,,Local model proposal; technically validated or rejected; human review pending
101113151,Strategic Synergies Cluster XKIC BP 23-25 Proposal,pilot,ollama-pilot-3a4834bb7792,validated_proposals_pending_review,validated_candidate,http://data.europa.eu/sdg/17.16,strong,"The EIT CSS will bring together and promote cooperation across the different KICs involved, creating links between programs and increasing their efficiency and scalability.","The EIT CSS aims to enhance collaboration and coordination among various KICs, which can lead to more efficient and effective implementation of initiatives, thereby improving the overall impact and reach of the projects.",uncertain,objective,"By gathering EIT Community’s answers to strategic challenges in one cluster, the EIT CSS creates links between programs that would otherwise never meet, it increases scalability of actions and results, it improves efficiency in terms of management and implementation of processes, and attract new sources of fundings.",validated_candidate,,,,Local model proposal; technically validated or rejected; human review pending
101114133,Identifying and developing adaptive skills for facing transformation,pilot,ollama-pilot-3a4834bb7792,rejected_proposals_pending_review,rejected_candidate,http://data.europa.eu/sdg/4,strong,The software solution THE LAB will be used to identify and develop soft skills relevant to job market access.,"The software solution is designed to directly address the identified skills needed for job market access, aligning with the goal of ensuring inclusive and equitable quality education and promoting lifelong learning opportunities for all.",uncertain,objective,Rising Up provides an integrated software solution called THE LAB for identifying and developing the soft (core) skills that are needed to access the job market.,rejected_candidate,unverified_evidence,,,Local model proposal; technically validated or rejected; human review pending
101121271,CustOms exteNded iNteroperablE Common informaTiOn shaRing environment,pilot,ollama-pilot-3a4834bb7792,validated_proposals_pending_review,validated_candidate,http://data.europa.eu/sdg/16.3,strong,"The CONNECTOR system will design and develop an integrated, common and shared risk assessment approach for all Border Management Authorities, considering pan-EU common risk indicators per end user group (Customs, Border and Coast Guards Authorities including FRONTEX).","The CONNECTOR system will contribute to the development of a unified risk assessment framework that addresses the needs of multiple border management authorities, thereby enhancing the security and efficiency of cross-border operations.",uncertain,objective,"CONNECTOR aims for the first time to suggest an integrated, common and shared risk assessment approach for all Border Management Authorities, considering the pan-EU common risk indicators per end user group (Customs, Border and Coast Guards Authorities including FRONTEX), to ensure external EU border and secure EU citizens from cross-border crime and/or secure the seamless flow of travellers, as recommended in the multiannual strategic policy document .",validated_candidate,,,,Local model proposal; technically validated or rejected; human review pending
101131822,European Research Infrastructure on Semiconductor Chips,pilot,ollama-pilot-3a4834bb7792,validated_proposals_pending_review,validated_candidate,http://data.europa.eu/sdg/8.2,strong,"InfraChip will mobilise a critical mass of people, expert knowledge and technology blocks, and capital investment on state-of-the-art equipment to address the EU’s twin digital and green transition and ensure Europe’s capacity to innovate at the early to medium readiness levels.",The research will contribute to the development of sustainable Information and Communications Technologies (ICT) by supporting comprehensive user projects for multi-and-trans-disciplinary path-finding research.,uncertain,objective,"InfraChip will mobilise a critical mass of people, expert knowledge and technology blocks, and capital investment on state-of-the-art equipment to address the EU’s twin digital and green transition and ensure Europe’s capacity to innovate at the early to medium readiness levels.",validated_candidate,,,,Local model proposal; technically validated or rejected; human review pending
101138276,Valorisation of iron-rich & Zinc-containing steelmaking by-products via HYdrogen-based ReductiON,pilot,ollama-pilot-3a4834bb7792,validated_proposals_pending_review,validated_candidate,http://data.europa.eu/sdg/13.3,strong,ZHYRON will develop and validate innovative valorization technologies for Fe-rich and Zn-containing by-products at lab pilot scale (TRL6).,"The research will develop and test technologies that can recover iron and zinc from steelmaking by-products, which can contribute to reducing waste and emissions.",uncertain,objective,"The proposed technologies will be developed and endorsed at lab pilot scale (TRL6), and the obtained circular products will be validated by testing and characterization analysis.",validated_candidate,,,,Local model proposal; technically validated or rejected; human review pending
101151470,Elucidating the genomic architecture of genetic load,pilot,ollama-pilot-3a4834bb7792,validated_proposals_pending_review,validated_candidate,http://data.europa.eu/sdg/16.7,strong,I will implement in-silico approaches to forecast and experimentally test how SVs respond to different demographic parameters in a non-model species (Coelopa frigida).,"The research directly addresses the need for accurate and predictive methods to understand the impact of structural variants (SVs) on genetic load, which is crucial for advancing our understanding of genetic diversity and evolution.",uncertain,objective,I will implement in-silico approaches to forecast and experimentally test how SVs respond to different demographic parameters in a non-model species (Coelopa frigida).,validated_candidate,,,,Local model proposal; technically validated or rejected; human review pending
101166386,Technological Research Action Necessary for Safe PARrtitioning And Nuclear Transmutation,pilot,ollama-pilot-3a4834bb7792,validated_proposals_pending_review,validated_candidate,http://data.europa.eu/sdg/13.3,strong,"The project will employ a combination of experiments, theoretical studies and numerical simulations harnessing the expertise of 21 research centres and universities from eight EU countries, the UK and Switzerland.","The project focuses on the efficiency of Am separation from used fuel, experimental and fuel performance code development work, and safety related research for the licensing process of MYRRHA.",,objective,"The SNETP deployment plan outlines technical needs for fuel recycling including separation of used fuel, fabrication and characterisation of minor actinide bearing fuel and the development of transmutation systems to recover energy and reduce waste.",validated_candidate,,,,Local model proposal; technically validated or rejected; human review pending
101172954,Enzymatic CO2 Capture in a Rotating Packed Bed and Electrocatalytic CO2 Reduction to Useful Products,pilot,ollama-pilot-3a4834bb7792,rejected_proposals_pending_review,rejected_candidate,http://data.europa.eu/sdg/11,strong,The team will consider several in-situ strategies of particles abatement and process optimization (Design of Experiments coupled with Propagation of Error) combined with the synergetic effect of using biomass blends.,"The research contributes to reducing pollution and improving the quality of flue gas, which is essential for the operation of the Rotating Packed Bed (RPB) system.",uncertain,objective,The team will consider several in-situ strategies of particles abatement and process optimization (Design of Experiments coupled with Propagation of Error) combined with the synergetic effect of using biomass blends.,rejected_candidate,unverified_evidence,,,Local model proposal; technically validated or rejected; human review pending
101186601,Center for Digital Text Scholarship,pilot,ollama-pilot-3a4834bb7792,validated_proposals_pending_review,validated_candidate,http://data.europa.eu/sdg/5.6,weak,The ERA-Chair project will create the Center for Digital Text Scholarship DigiTS as an interdisciplinary pocket of excellence at the University of Tartu in Estonia for applying cutting-edge computational methods in text-based Humanities research at the European periphery.,"The project aims to establish a center that will bring together experts and train the next generation of scholars, thus addressing the fragmented and individualistic approach to computational methods in the Humanities.",uncertain,objective,"This subfield of Digital Humanities research is particularly relevant for linguistics, literary scholarship, folkloristics and history, and yet relevant modern methodologies for computational approaches to processing textual data for Humanities research are often practiced and taught in a fragmented, individualistic way.",validated_candidate,,,,Local model proposal; technically validated or rejected; human review pending
101210036,Elucidating the effects of gut microbiota-derived metabolites in iPSC-derived co-cultures from ADHD patients,pilot,ollama-pilot-3a4834bb7792,rejected_proposals_pending_review,rejected_candidate,http://data.europa.eu/sdg/16,strong,The fellowship will foster collaboration and enhance expertise in relevant fields.,"The fellowship aims to introduce the applicant to the microbiome field and enhance their expertise in transcriptomics, bioinformatics, networking, and leadership, which are essential for understanding and addressing ADHD pathomechanisms.",uncertain,objective,"The fellowship will foster collaboration between world leading institutions and top-notch scientists, introducing me to the microbiome field, enhancing my expertise in transcriptomics, bioinformatics, networking and leadership.",rejected_candidate,unverified_evidence,,,Local model proposal; technically validated or rejected; human review pending
101263875,Space-based Presicion & Exact Surveillance with multilAteRation as a Service,pilot,ollama-pilot-3a4834bb7792,rejected_proposals_pending_review,rejected_candidate,http://data.europa.eu/sdg/8,strong,"The SPESAR project will develop and validate a new SESAR Solution, the ‘Integrated Space & Ground Surveillance’, which includes a ‘Space-MLAT’ service and an ‘Integrated Surveillance’ service.","The SPESAR project is explicitly focused on enhancing CNS capabilities, which aligns with the goal of improving surveillance systems, which can contribute to the resilience of ATM systems and the overall aviation ecosystem.",strong,objective,"The SPESAR project directly addresses Work Area WA3.2, ‘Enhanced CNS capabilities’ of the IR02 Work Programme, with a focus on two R&I needs: ‘Satellite based multilateration (MLAT)’, and ‘CNS as a service’.",rejected_candidate,unverified_evidence,,,Local model proposal; technically validated or rejected; human review pending
101287413,TRAcking and Countering Technology-Facilitated Gender-Based Violence through Evidence-based Approaches across the Conflict–Refuge Continuum in Europe,pilot,ollama-pilot-3a4834bb7792,validated_proposals_pending_review,validated_candidate,http://data.europa.eu/sdg/10.2,strong,"TRACE will develop systematic frameworks for TF-GBV across the conflict–displacement–refuge continuum through a mixed-method, interdisciplinary design combining AI-enabled pattern recognition, legal analysis, and survivor-centred qualitative research.","TRACE's research will provide a comprehensive understanding of TF-GBV dynamics, which is essential for developing effective prevention, recognition, and response strategies.",strong,objective,"TRACE builds the first systematic evidence base on technology-facilitated gender-based violence (TF-GBV) across conflict, displacement, and refuge settings.",validated_candidate,,,,Local model proposal; technically validated or rejected; human review pending
190137729,"An Anti-Gravity Active Device for Exoskeletons to Reduce the Impact of Work-Related Musculoskeletal Disorders in the Logistics, Retailing and Manufacturing Sectors.",pilot,ollama-pilot-3a4834bb7792,rejected_proposals_pending_review,rejected_candidate,http://data.europa.eu/sdg/8.5,strong,"The research contributes to the development of AGADEXO, an exoskeleton that integrates advanced motion technology to reduce work-related muscular disorders and improve physical efficiency.","The research directly supports the development of AGADEXO, which is designed to reduce work-related muscular disorders and improve physical efficiency, aligning with the goal of promoting sustainable economic growth and decent work.",strong,objective,"It aims at erasing work-related muscular disorders through AGADEXO, the first exoskeleton to combine lightness, comfort and low environmental impact with smart compensation of physical fatigue at work.",rejected_candidate,unverified_evidence,,,Local model proposal; technically validated or rejected; human review pending
190175727,Unlocking the value of a blue economy with a revolutionary Underwater Satellite to promote the sustainable use of our ocean’s resources,pilot,ollama-pilot-3a4834bb7792,validated_proposals_pending_review,validated_candidate,http://data.europa.eu/sdg/14.4,strong,"The research will develop and deploy the BLUESURVEY system, enabling automated and detailed mapping of seafloors.","The research directly contributes to the development of the technology that will be used for seafloor monitoring, which is essential for the targets related to sustainable management of marine resources.",strong,objective,"BLUESURVEY is a cutting-edge hardware-software system that allows for the automated, accurate, objective and detailed mapping of our seafloors.",validated_candidate,,,,Local model proposal; technically validated or rejected; human review pending
101040160,A MISTery of Long Secondary Periods in Pulsating Red Giants - Traces of Exoplanets?,holdout,ollama-holdout-3a4834bb7792,validated_proposals_pending_review,validated_candidate,http://data.europa.eu/sdg/16.7,strong,I will use the high quality photometric and spectroscopic data of LSPs from large-scale surveys and combine them with modern hydrodynamical simulations to verify the hypothesis that the companion is a former planet that accreted enough matter from the host star to become a brown dwarf.,The research will provide new insights into planet formation by verifying a hypothesis about the nature of LSP companions.,uncertain,objective,I will use the high quality photometric and spectroscopic data of LSPs from large-scale surveys and combine them with modern hydrodynamical simulations to verify this hypothesis.,validated_candidate,,,,Local model proposal; technically validated or rejected; human review pending
101043372,Modeling binary neutron star from inspirals to remnants and their multimessenger emissions,holdout,ollama-holdout-3a4834bb7792,validated_proposals_pending_review,validated_candidate,http://data.europa.eu/sdg/13.3,strong,The research will deliver first-principles models linking the source dynamics to the observed radiations through the development of novel techniques for exascale parallel computations in relativistic astrophysics.,"The research directly addresses the need for advanced modeling of BNSMs to understand the fundamental interactions and their extreme regimes, which is crucial for advancing our understanding of physics and astrophysics.",,objective,"The landmark detection of the gravitational wave GW170817 and its counterparts in the entire electromagnetic spectrum demonstrated the enormous impact of BNSMs observations on fundamental physics and astrophysics, including the nature of matter at supranuclear densities, the origin of high-energy cosmic photons and of heavy elements.",validated_candidate,,,,Local model proposal; technically validated or rejected; human review pending
101056938,Dynamic Techno-Economical Scenario Simulation Model for Sustainable Waterborne Activities and Transport,holdout,ollama-holdout-3a4834bb7792,validated_proposals_pending_review,validated_candidate,http://data.europa.eu/sdg/8.7,strong,The research will develop a dynamic techno-economic model to simulate different scenarios of sustainable fuel deployment within the existing transport network.,"The research directly addresses the coordination of stakeholders, which is essential for the successful deployment of sustainable fuels.",uncertain,objective,"To be successful, it implies a timely coordination of all stake holders, from energy production capacity, to storage & bunkering logistics in harbours and up to the end-users: the inland waterways and maritime transport, and waterborne activities.",validated_candidate,,,,Local model proposal; technically validated or rejected; human review pending
101057522,"Adopting ISO 82304-2 and a trusted EU mHealth label for a single market that enables patients, citizens, health professionals, systems and authorities to benefit from a healthy supply of useful apps.",holdout,ollama-holdout-3a4834bb7792,validated_proposals_pending_review,validated_candidate,http://data.europa.eu/sdg/16.7,strong,"The project will develop and implement a certification scheme for health apps, aligning the ISO 82304-2 TS with EU approval and reimbursement processes, and engage stakeholders to ensure cross-country alignment.","The project aims to integrate the ISO 82304-2 TS into EU health app assessment and reimbursement processes, which directly impacts the trust, use, and adoption of health apps by health professionals, insurers, and patients.",uncertain,objective,"Work is now needed to turn this globally endorsed quality assessment and health app quality label into the EU assessment and EU mHealth label, embed it within the approval and reimbursement processes of European countries and foster cross-country alignment of these approval processes.",validated_candidate,,,,Local model proposal; technically validated or rejected; human review pending
101061142,MultI-recycling strategies of LWR SNF focusing on MOlten SAlt technology,holdout,ollama-holdout-3a4834bb7792,validated_proposals_pending_review,validated_candidate,http://data.europa.eu/sdg/12.7,strong,"The project aims to develop a strategy for multi-recycling of LWR spent fuels, combining multi-recycling of Pu in LWRs with the use of a Cl MSR, utilizing existing EU infrastructure.","The project leverages existing EU infrastructure to demonstrate the technical feasibility and performance of Cl MSRs, focusing on Pu and MA conversion.",uncertain,objective,"For these reasons, MIMOSA aims to develop an accessible, cost/risk optimised multi-recycling strategy of LWR spent fuels, based primarily on multi-recycling of Pu (and REPU) in LWRs combined with the Cl MSR, and using already available infrastructure in the EU such as the French reprocessing plant, not only for its existing LWR fuel treatment capabilities, but also for its Pu partitioning and waste conditioning capabilities, its compatibility with chloride salts, and in the future, for its potential additional capabilities in MA separation and salt management.",validated_candidate,,,,Local model proposal; technically validated or rejected; human review pending
101069573,"Safety assUraNce fRamework for connected, automated mobIlity SystEms",holdout,ollama-holdout-3a4834bb7792,validated_proposals_pending_review,validated_candidate,http://data.europa.eu/sdg/16.7,strong,"The project will develop and demonstrate a commonly accepted, extensible Safety Assurance Framework for the test and safety validation of a varied scope of CCAM systems.","The project aims to create a framework that addresses the safety and reliability of CCAM systems, which is essential for their societal adoption.",uncertain,objective,"Safety assurance of Cooperative, Connected, and Automated Mobility (CCAM) technologies and systems is a crucial factor for their successful adoption in society, yet it remains to be a significant challenge.",validated_candidate,,,,Local model proposal; technically validated or rejected; human review pending
101070670,A SCALABLE AND PRACTICAL PRIVACY-PRESERVING FRAMEWORK,holdout,ollama-holdout-3a4834bb7792,validated_proposals_pending_review,validated_candidate,http://data.europa.eu/sdg/16.7,strong,"ENCRYPT will develop a scalable, practical, adaptable privacy-preserving framework, allowing researchers and developers to process data stored in federated cross-border data spaces in a GDPR-compliant way.","The research directly addresses the need for practical solutions to privacy-preserving data processing, which is essential for real-world applications.",uncertain,objective,"Although several technologies have been developed to facilitate the processing of data while preserving privacy, they have not made significant inroads into real use cases, due to several reasons.",validated_candidate,,,,Local model proposal; technically validated or rejected; human review pending
101071868,UTILIZING IOT-SYSTEMS FOR DECENTRALIZED PRODUCTION CONTROL AND OFFERING SURPLUS PRODUCTION CAPACITIES ON A PRODUCTION PLATFORM,holdout,ollama-holdout-3a4834bb7792,validated_proposals_pending_review,validated_candidate,http://data.europa.eu/sdg/8.7,strong,assemblean received a grant to develop the decentralized production control system and the Production-as-a-Service platform.,"The grant funding directly supports the development of the production control systems and the production platform, which are essential components of the proposed solution.",uncertain,objective,"assemblean has received a grant of 565.000 €. This has been used to develop both products, the decentralized production control and the production platform, until we founded assemblean GmbH in march of this year.",validated_candidate,,,,Local model proposal; technically validated or rejected; human review pending
101073542,Anthropology of Global Climate Urgency,holdout,ollama-holdout-3a4834bb7792,validated_proposals_pending_review,validated_candidate,http://data.europa.eu/sdg/13.3,strong,"The 10 PhD students will carry out ethnographic research in Africa, Latin-America, Asia or Europe to understand different perceptions of environmental and climatological urgency.",The research will provide on-the-ground insights into how different communities perceive urgency related to environmental and climatological issues.,uncertain,objective,"We want to train doctoral candidates in understanding different perceptions on environmental and climatological urgency, their temporalities, and the political and environmental implications these understandings may have.",validated_candidate,,,,Local model proposal; technically validated or rejected; human review pending
101080152,Truly Resilient Quantum Limited Traveling Wave Parametric Amplifiers,holdout,ollama-holdout-3a4834bb7792,validated_proposals_pending_review,validated_candidate,http://data.europa.eu/sdg/16.7,strong,The development of TWPAs will advance the field of quantum-limited amplifiers and provide insights into decoherence mechanisms in superconducting circuits.,"The research on TWPAs contributes to the advancement of quantum technologies, which is crucial for basic science research fields such as quantum information with solid state platforms, astronomy, and dark matter search.",uncertain,objective,"TruePA will develop the next generation of Traveling Wave Parametric Amplifiers (TWPAs), which are key tools for quantum technologies and basic sciences involving the detection of weak electromagnetic signals in the microwave domain.",validated_candidate,,,,Local model proposal; technically validated or rejected; human review pending
101086524,NUTRI-KNOW - BROADENING THE IMPACT OF EIP-AGRI OPERATIONAL GROUPS IN THE FIELD OF NUTRIENT MANAGEMENT: KNOWLEDGE EXPLOITATION AND EASY-TO-UNDERSTAND           MATERIAL FOR FARMERS AND PRACTITIONERS,holdout,ollama-holdout-3a4834bb7792,validated_proposals_pending_review,validated_candidate,http://data.europa.eu/sdg/2.4,strong,"NUTRI-KNOW will assure the appropriate adoption of the OGs results and experience by farmers, practitioners and other relevant end-users.","The project aims to ensure that the outcomes and experiences of the engaged OGs are effectively adopted by the intended end-users, which aligns with the goal of ensuring sustainable food production systems.",,objective,"NUTRI-KNOW will assure the appropriate adoption of the OGs results and experience by farmers, practitioners and other relevant end-users.",validated_candidate,,,,Local model proposal; technically validated or rejected; human review pending
101087081,Strengthening Computational Biodiversity Research in Greece,holdout,ollama-holdout-3a4834bb7792,validated_proposals_pending_review,validated_candidate,http://data.europa.eu/sdg/6.3,weak,"The Biodiversity Computing Group will develop and apply computational methods to study biodiversity, including molecular evolution, in Crete and Greece.","The BCG will contribute to the development of computational tools and methodologies that can be used to analyze biodiversity data, which is relevant to the goal of improving water quality by reducing pollution.",uncertain,objective,This  ERA chair proposal has two objectives: (1) to set up an interdisciplinary and internationally visible Biodiversity Computing Group (BCG) at the Institute of Computer Science at the Foundation for Research and Technology Hellas (ICS-FORTH). The BCL shall substantially and sustainably strengthen computational biodiversity research and research on computational methods for disentangling molecular evolution in Crete with a spill-over effect to Greece.,validated_candidate,,,,Local model proposal; technically validated or rejected; human review pending
101090338,Impacts of Changing Climate on Arctic Shelf Hydrogeology,holdout,ollama-holdout-3a4834bb7792,validated_proposals_pending_review,validated_candidate,http://data.europa.eu/sdg/13.3,strong,"Using advanced computational methods, we aim to develop a systematic 'process-level' understanding of how climate-change related warming along Arctic shelves impacts permafrost integrity, ice-layer distribution, sub-permafrost groundwater, and gas and gas hydrate dynamics.","The research will provide a detailed understanding of the complex interactions between climate change and permafrost dynamics, which is essential for improving predictive models and understanding the impacts on seafloor morphologies.",uncertain,objective,"Rapidly thawing Arctic permafrost is an important, but poorly constrained, contributor to global carbon budgets and an unknown in the climate change equation.",validated_candidate,,,,Local model proposal; technically validated or rejected; human review pending
101095170,"Countering Oppositional Political Extremism through Attuned Dialogue: Track, Attune, Limit.",holdout,ollama-holdout-3a4834bb7792,validated_proposals_pending_review,validated_candidate,http://data.europa.eu/sdg/16.6,strong,OppAttune will create an OppAttune Summer Academy for students and researchers (2025) and an OppAttune Winter Academy for practitioners and policymakers (2026).,"The research activities of creating academies directly contribute to the development and dissemination of knowledge and skills necessary to build trust in democratic institutions, which is essential for a functioning democracy.",uncertain,objective,OppAttune revitalises trust in key democratic institutions. Its actions involve an on-line I-Attune self-test interactive to build democratic capacity across diverse publics.,validated_candidate,,,,Local model proposal; technically validated or rejected; human review pending
101098074,CHARTING THE TOKEN OF TIME: YAP/TAZ TRANSCRIPTIONAL REGULATORS AT THE ROOTS OF AGING,holdout,ollama-holdout-3a4834bb7792,validated_proposals_pending_review,validated_candidate,http://data.europa.eu/sdg/13.3,strong,"We will chart and functionally interrogate a multidimensional atlas of aging biology, delving into the logics of tissue physiology and its progressive degeneration over lifetime.","The research aims to understand the dysregulated transcription and signaling cascades that control aging, which is essential for addressing the fundamental unknowns in aging research.",,objective,"Aging ultimately implies dysregulated transcription; yet, the identity of signaling cascades and transcription factors that control youthfulness and aging in adult tissues remains poorly understood.",validated_candidate,,,,Local model proposal; technically validated or rejected; human review pending
101103217,"Building resilient research ethics, Diagnostics and medicines regulatory capacity during routine and public health emergency periods",holdout,ollama-holdout-3a4834bb7792,validated_proposals_pending_review,validated_candidate,http://data.europa.eu/sdg/17.16,strong,"The research projects will engage stakeholders in academia, civil society, public and government to generate evidence for new regulatory guidelines.","The research projects have already strengthened some procedures for clinical trial control and pharmacovigilance, enabling Tanzania to attain WHO Maturity level 3.",uncertain,objective,"BREEDIME will enable Tanzania to achieve rapid response clinical trial regulatory capacity for therapeutics, vaccines, and diagnostics; capacity for post-market evaluation and appraisal of health technologies; establish research ethics framework for electronic health data and materials storage, access and sharing within and outside the country; and establish a south-south learning centre in clinical trials regulatory and ethical review capacities.",validated_candidate,,,,Local model proposal; technically validated or rejected; human review pending
101113389,Focused Targeting of Inhaled Magnetic Aerosols for Lung Cancer,holdout,ollama-holdout-3a4834bb7792,validated_proposals_pending_review,validated_candidate,http://data.europa.eu/sdg/13.3,strong,The project will develop and demonstrate an engineered inhalation framework to leverage magnetically-loaded aerosols for airway targeting in the presence of a custom-designed external magnetic field.,"The research directly addresses the development of a targeted delivery system for inhalation therapy, which is relevant to improving treatment efficacy and reducing side effects.",uncertain,objective,"By coupling the delivery of a short pulsed bolus of sub-micron (~500 nm diameter) droplet aerosols, laden with super-paramagnetic iron oxide nanoparticles (SPION), with a custom ventilation machine that tracks the volume of air inhaled past the bolus, focused targeting can be maximized during a breath-hold manoeuvre.",validated_candidate,,,,Local model proposal; technically validated or rejected; human review pending
101113939,Development of advanced AI algorithms for remote patient monitoring,holdout,ollama-holdout-3a4834bb7792,validated_proposals_pending_review,validated_candidate,http://data.europa.eu/sdg/17.16,strong,Develop and advance AI algorithms to improve current performance and impact more patient's lives.,The project aims to enhance AI capabilities to improve healthcare outcomes and reduce the burden on healthcare systems.,uncertain,objective,Doctomatic’s mission is to both save lives using AI as a preventative healthcare tool whose data is transformed into a personalised early detection system and remove the burden of our saturated healthcare systems by extending the clinician’s reach to the patients’ home.,validated_candidate,,,,Local model proposal; technically validated or rejected; human review pending
101121093,Ecosystem synergies towards cross-border scale-up of innovative Digital and Deep Tech start-ups,holdout,ollama-holdout-3a4834bb7792,rejected_proposals_pending_review,rejected_candidate,http://data.europa.eu/sdg/8,strong,"In WP3, the ecosystem players will be mapped and synergies with stakeholders and between ecosystems will be established, especially focusing on the Widening Countries. WP3 aims to spread knowledge of EIC offerings, national and international funding, as well as inform start-ups of procurement possibilities and build their capacity to become impact driven companies.","The Ready2Scale project aims to enhance the EIC scale-up mechanisms and establish lasting synergies between DDT start-up ecosystems, including those from Widening countries. WP3 directly contributes to this by spreading knowledge of EIC offerings and funding, which is essential for increasing the engagement of these ecosystems with EIC and national and international offerings.",strong,objective,"In WP3, the ecosystem players will be mapped and synergies with stakeholders and between ecosystems will be established, especially focusing on the Widening Countries. WP3 aims to spread knowledge of EIC offerings, national and international funding, as well as inform start-ups of procurement possibilities and build their capacity to become impact driven companies.",rejected_candidate,unverified_evidence,,,Local model proposal; technically validated or rejected; human review pending
101124648,Support to Retirement Savings Vehicle for European Research Institutions and research performing individuals (RESAVER),holdout,ollama-holdout-3a4834bb7792,validated_proposals_pending_review,validated_candidate,http://data.europa.eu/sdg/17.16,strong,The RESAVER Pension Fund will ensure free circulation of researchers by removing pension as an obstacle to mobility through its management functions and promotional activities.,"The RESAVER Pension Fund's management functions and promotional activities directly contribute to the removal of pension as a barrier to researcher mobility, aligning with the strategic objectives of the Union policy.",,objective,RESAVER Pension Fund as a significant development relevant for the social security of mobile researchers is to ensure free circulation of researchers by removing pension as an obstacle to mobility which corresponds to the strategic objectives of the Union policy as stipulated in Article 179 TFEU on the establishment of a European Research Area.,validated_candidate,,,,Local model proposal; technically validated or rejected; human review pending
101130740,Biophotonic Nanoparticle-enabled Laser Blood Test for Early Detection of Pancreatic Cancer,holdout,ollama-holdout-3a4834bb7792,rejected_proposals_pending_review,rejected_candidate,http://data.europa.eu/sdg/11,strong,The consortium will use a genetically engineered mouse model (MKC) to identify the fluorescence lifetime fingerprint of the protein corona at different stages of PDAC development.,"The mouse model provides a controlled environment to study PDAC progression, allowing for the identification of the protein corona fingerprint at various stages.",uncertain,objective,The consortium will utilize a mouse model (MKC) to identify the FL fingerprint of protein corona at each stage of PDAC development.,rejected_candidate,unverified_evidence,,,Local model proposal; technically validated or rejected; human review pending
101132671,Detecting and Countering Information Suppression from A Transnational Perspective,holdout,ollama-holdout-3a4834bb7792,validated_proposals_pending_review,validated_candidate,http://data.europa.eu/sdg/16.7,strong,"The project will conduct research to understand the tactics used by Russia and China in suppressing information within the EU and its partner countries, analyze the impact of specific misinformation events, identify key dissemination networks, and evaluate legal and regulatory frameworks to enhance their effectiveness.","The research directly addresses the need for a comprehensive understanding of information suppression tactics, which is crucial for developing effective countermeasures. Understanding the perpetrators' strategies and the societal drivers of misinformation is essential for crafting targeted policy solutions.",strong,objective,"The proposed project explores; a) how Russia and China pursue information-suppression tactics in the EU and its partner countries (PCs) and how they construct/strategize these tactics, b) which cases of FIMI have been the most impactful in EU countries and PCs, and how to measure the importance of future FIMI 'attacks' c) which transnational dissemination and consumption networks have been contributing to the success of foreign information-suppression attempts within the EU, d) the social and psychological drivers of which forms of FIMI succeed, e) how can the existing legal, regulatory, and diplomatic frameworks in the EU (such as the GDPR or Digital Services Act) and PCs be improved to build greater resilience against such efforts, and f) opportunities and pitfalls of platform-level governance that could be improved to improve collective EU and PC defences against FIMI, in an interdisciplinary, multi-method, interconnected and multinational manner.",validated_candidate,,,,Local model proposal; technically validated or rejected; human review pending
101135455,INNOVATIVE DELTA QUALIFICATION APPROACH FOR ELECTRIC PROPULSION SYSTEMS,holdout,ollama-holdout-3a4834bb7792,validated_proposals_pending_review,validated_candidate,http://data.europa.eu/sdg/17.13,strong,"The research will develop and validate a delta-qualification approach to extend the qualification status of an established electrical propulsion system, specifically the PPS®5000, to use krypton as the propellant.","The research directly addresses the need for alternative propellants by developing a method to qualify the PPS®5000 for use with krypton, a more abundant and cheaper alternative to xenon.",uncertain,objective,"The current medium power PPS®5000 thruster unit which equips several satellites uses xenon as its propellant. However due to a sharp rise in costs and an emerging shortage of xenon, significant impacts on the economics of certain future mission profiles such as those planned for the replacement of current geostationary (GEO) telecommunication satellites are expected.",validated_candidate,,,,Local model proposal; technically validated or rejected; human review pending
101137725,Battery Cell Assembly Twin,holdout,ollama-holdout-3a4834bb7792,validated_proposals_pending_review,validated_candidate,http://data.europa.eu/sdg/12.6,strong,"BatCAT develops a digital twin for battery manufacturing that integrates data-driven and physics-based methods, addressing the triple challenge of design, operation, and trust.","The digital twin technology from BatCAT provides an interpretable industrial decision support system (IIDSS) based on multicriteria optimization, which can improve product and process design and efficiency.",strong,objective,"BatCAT is the project that realizes the manufacturability programme from the BATTERY 2030+ Roadmap, creating a digital twin for battery manufacturing that integrates data-driven and physics-based methods.",validated_candidate,,,,Local model proposal; technically validated or rejected; human review pending
101137932,NOVEL DOMESTIC BATTERY GRADE LITHIUM CARBONATE VALUE CHAIN FOR GREEN LIFE,holdout,ollama-holdout-3a4834bb7792,rejected_proposals_pending_review,rejected_candidate,http://data.europa.eu/sdg/8.7,strong,The Li4Life proposal will develop and operationalize an efficient technology for the extraction of lithium from underutilised deposits and post-mining tailings.,"The research will create a technology that addresses the extraction of lithium from underutilised deposits and tailings, which are key to increasing domestic supply and aligning with the EU's ambition to enhance local raw materials.",The specific technological advancements and their direct impact on employment and economic growth are not explicitly detailed in the provided text.,objective,"The Li4Life proposal creates of an efficient technology for the extraction of lithium from poor or complex ores of underutilised deposits, as well as post-mining tailings, as the basis for the development of future clean energy.",rejected_candidate,unverified_evidence,,,Local model proposal; technically validated or rejected; human review pending
101141685,Paradoxical activation of oncogenic signaling as a cancer treatment strategy.,holdout,ollama-holdout-3a4834bb7792,validated_proposals_pending_review,validated_candidate,http://data.europa.eu/sdg/17.13,strong,We will use CRISPR and compound screens to identify the vulnerabilities of drug-treated cells.,"This research directly contributes to understanding the toxicities and vulnerabilities associated with hyper-activation of oncogenic signaling, which is essential for identifying effective combination therapies.",,objective,We will then use CRISPR and compound screens to identify the vulnerabilities of such drug-treated cells.,validated_candidate,,,,Local model proposal; technically validated or rejected; human review pending
101145817,Fortifying the automated smartphone-based Cough Audio classification for rapid triaGE testing for tuberculosis project,holdout,ollama-holdout-3a4834bb7792,rejected_proposals_pending_review,rejected_candidate,http://data.europa.eu/sdg/16,strong,"CAGE-TB study collected cough sounds at people's point-of-entry into primary care facilities and derived an audio classifier, and validated diagnostic accuracy in independent cohorts.","The research directly contributes to the development of an accurate mHealth app for TB triage, which is essential for improving TB detection and treatment.",strong,objective,"CAGE-TB study was EDCTP2-funded to 1) collect cough sounds at people’s point-of-entry into primary care facilities (South Africa) and derive an audio classifier, 2) validate diagnostic accuracy in independent cohorts (South Africa, Uganda), and 3) deploy mixed methods research (costing, implementation science, medical anthropology) to inform design and implementation.",rejected_candidate,unverified_evidence,,,Local model proposal; technically validated or rejected; human review pending
101148826,Sub-Nanoscale Observation of Magnetic Monopole Noise,holdout,ollama-holdout-3a4834bb7792,validated_proposals_pending_review,validated_candidate,http://data.europa.eu/sdg/13.3,strong,Develop and operate a Scanned Spin-Noise Microscope (SSNM) in a cryogen-free dilution refrigerator to observe magnetic monopole noise at sub-nanoscale resolution.,"The SSNM will enable real-time observation of magnetic monopole dynamics, which is crucial for detecting and characterizing these elusive particles.",uncertain,objective,"In this proposal, I present a plan to develop a novel concept called Scanned Spin-Noise Microscope (SSNM) and provide a cutting-edge instrument for realising a Sub-Nanoscale Observation of MAgnetic monopole Noise (SNOMAN). The SSNM will be designed to operate in a cryogen-free dilution refrigerator to slow down the monopole dynamics and realise the long-awaited single monopole detection.",validated_candidate,,,,Local model proposal; technically validated or rejected; human review pending
101149910,Micro-behaviors Recognitions through Nonverbal Signals,holdout,ollama-holdout-3a4834bb7792,validated_proposals_pending_review,validated_candidate,http://data.europa.eu/sdg/16.7,strong,I will use multimodal perception and deep learning techniques to develop algorithms that can automatically recognize and interpret micro-behaviors from nonverbal signals like facial expressions and body language.,"The proposed research directly addresses the gap in current automated systems' ability to recognize micro-behaviors, which is crucial for enhancing interactions and relationships. The use of multimodal perception and deep learning methods is a state-of-the-art approach to understanding and interpreting subtle cues in communication.",uncertain,objective,"To this end, I will address this gap using multimodal perception and deep learning to automatically recognize micro-behaviors through nonverbal signals such as facial expressions and body language.",validated_candidate,,,,Local model proposal; technically validated or rejected; human review pending
101153162,CRISPR/Cas-based innovative electrochemical multiplexed immunosensor for specific detection of ovarian carcinoma biomarkers in urine,holdout,ollama-holdout-3a4834bb7792,validated_proposals_pending_review,validated_candidate,http://data.europa.eu/sdg/13.3,strong,The CRISPR-mediated biosensing approach will be used to detect OC protein biomarkers in urine of early stage ovarian cancer patients.,"The CRISPR-mediated biosensing approach can specifically and sensitively detect OC protein biomarkers in urine, which is a noninvasive method for early detection of ovarian cancer.",uncertain,objective,"The proposed CRINOVA project will apply the CRISPR-mediated biosensing approach for the first time combining with immunoassay to detect OC protein biomarkers (cancer antigen 125, human epididymis protein 4 and mesothelin) noninvasively in urine of early stage (I/II) OC patients through electrochemistry.",validated_candidate,,,,Local model proposal; technically validated or rejected; human review pending
101157265,"Innovative practices, tools and products to boost soil fertility and peat substitution in horticultural crops",holdout,ollama-holdout-3a4834bb7792,validated_proposals_pending_review,validated_candidate,http://data.europa.eu/sdg/15.2,strong,"The research will develop and validate peat-free substrates using agro-food by-products, thereby reducing the need for peat extraction.","The project aims to reduce the use of peat, which is a non-renewable resource and a significant contributor to deforestation and habitat loss.",uncertain,objective,"SPIN-FERT will leverage agro-food by-products into resources for agricultural production, exploiting them further into peat-free substrates.",validated_candidate,,,,Local model proposal; technically validated or rejected; human review pending
101157697,BUILDING ON THE ACHIEVEMENTS OF PLAN S TO FURTHER ADVANCE OPEN ACCESS AND SCHOLARLY COMMUNICATION,holdout,ollama-holdout-3a4834bb7792,validated_proposals_pending_review,validated_candidate,http://data.europa.eu/sdg/17.16,strong,The OA-Advance project will contribute to strengthening cOAlition S as an instrument to advance the European Commission’s and participating funders’ shared vision to deliver full and immediate OA.,"The project aims to evaluate the impact of Plan S and provide recommendations for future improvements, which aligns with the goal of advancing the vision for scholarly publishing.",uncertain,objective,The OA-Advance project will contribute to strengthening cOAlition S as an instrument to advance the European Commission’s and participating funders’ shared vision to deliver full and immediate OA.,validated_candidate,,,,Local model proposal; technically validated or rejected; human review pending
101158714,"Twinning Laboratory for an Innovative, Global Hub To Explore the Deep",holdout,ollama-holdout-3a4834bb7792,validated_proposals_pending_review,validated_candidate,http://data.europa.eu/sdg/10.2,strong,"TWILIGHTED will adopt state-of-the-art approaches to training and networking. Development activities include staff exchanges, expert visits, training schools, joint research missions, the International Twilighted Conference and novel cross-sector workshops stimulating creativity in solving the ocean’s greatest challenges (the Impossible Things Workshops).","The project aims to democratize deep-sea research and globalize deep-sea RD&I, which can lead to more equitable access to and participation in scientific endeavors, thereby supporting the goal of reducing inequality within and among countries.",uncertain,objective,"TWILIGHTED’s key objectives are to: (1) Collaborate across research institutes in Europe, (2) Elevate the research profile of Portugal and especially the European Outermost Region of Madeira, (3) Innovate low-cost alternatives to state-of-the-art deep-sea research technologies, (4) Democratize deep-sea research, (5) Globalize deep-sea RD&I and (6) Share ocean science across stakeholders.",validated_candidate,,,,Local model proposal; technically validated or rejected; human review pending
101159520,EIT Culture & Creativity Business Plan 2024-2025,holdout,ollama-holdout-3a4834bb7792,rejected_proposals_pending_review,rejected_candidate,http://data.europa.eu/sdg/11.7,strong,"EIT CC will implement innovation projects in various cultural and creative fields such as Architecture, Audio-visual Media, Fashion, Cultural Heritage, and Games.","The projects cover a range of cultural and creative sectors, which can contribute to the development of sustainable and resilient urban environments by enhancing architectural sustainability and fostering ethical practices in cultural heritage and the games industry.",uncertain,objective,"EIT CC will also implement some 25 innovation projects across various cultural and creative fields: Architecture, Audio-visual Media, Fashion, Cultural Heritage, and Games.",rejected_candidate,unverified_evidence,,,Local model proposal; technically validated or rejected; human review pending
101166335,Research on Materials Ageing and Structural Integrity of Research Reactors,holdout,ollama-holdout-3a4834bb7792,validated_proposals_pending_review,validated_candidate,http://data.europa.eu/sdg/8.7,strong,"The project leverages available archive materials and data from existing research reactors, operational experience of research reactor operators, and advanced characterization and modeling techniques to improve understanding of irradiation-induced damage in RR structural materials, application of advanced multi-scale modeling methods, investigation of corrosion mechanisms, and assessment of sub-size testing for surveillance programs.","The project directly addresses the need for continued operation of Research Reactors (RRs) to maintain EU excellence in nuclear materials development and medical isotope supply, which is crucial for advancing advanced reactor concepts and ensuring the safety and reliability of nuclear operations.",strong,objective,Continued operation of these RRs is mandatory (at least until the new reactors come to operation) to maintain the EU excellence in development and qualification of nuclear materials for advanced reactor concepts and to maintain the supply of medical isotopes.,validated_candidate,,,,Local model proposal; technically validated or rejected; human review pending
101168023,Transport resilience against Cyber and Non-Cyber Events to prevent Network Disruption,holdout,ollama-holdout-3a4834bb7792,validated_proposals_pending_review,validated_candidate,http://data.europa.eu/sdg/16.6,strong,"The TRANSCEND project will develop advanced tools, guidelines, and technological solutions to enhance the protection and resilience of freight transport critical infrastructure against physical, cyber, and hybrid threats.","The research directly addresses the security and safety concerns of freight transport terminals, which are critical for the efficient movement of goods.",uncertain,objective,"Since freight transport terminals are locations where goods are assembled and dispersed, they have always been a focus of security and safety concerns.",validated_candidate,,,,Local model proposal; technically validated or rejected; human review pending
101168393,Countering Crime and Terrorism and their Links to Transnational Illegal Activities by Fostering International Cooperation,holdout,ollama-holdout-3a4834bb7792,validated_proposals_pending_review,validated_candidate,http://data.europa.eu/sdg/8.7,strong,"AVALANCHE will produce training curricula, benchmark with Europol’s Innovation Lab, contribute to LEAs operational standards and establish a broad ecosystem of crime-relevant stakeholders, and complement its objectives by continuously receiving guidance from the EU Policy Instrument (EMPACT).","The project aims to ensure the adoption of its solutions by SMEs, which is essential for its wide-scale implementation and impact.",uncertain,objective,"To guarantee the wide SMEs solutions adoption by the actual practitioners, AVALANCHE will produce training curricula, benchmark with Europol’s Innovation Lab, contribute to LEAs operational standards and establish a broad ecosystem of crime-relevant stakeholders, and complement its objectives by continuously receiving guidance from the EU Policy Instrument (EMPACT).",validated_candidate,,,,Local model proposal; technically validated or rejected; human review pending
101173510,EU-UA Nuclear Research and Education Capacity Building,holdout,ollama-holdout-3a4834bb7792,validated_proposals_pending_review,validated_candidate,http://data.europa.eu/sdg/4.1,strong,The NURECAB project will identify gaps in the nuclear education and training programme in Ukraine and strengthen pathways to improve the quality of education and training.,"The project aims to enhance the nuclear education and training programme, which directly supports the improvement of education outcomes for students.",strong,objective,"The NURECAB is 24 months CSA project related to the implementation of Euratom Work Programme 2023-2025 and focused on Education, training, capacity building and networking actions to strengthen Ukrainian and EU nuclear research.",validated_candidate,,,,Local model proposal; technically validated or rejected; human review pending
101178689,Boosting the Industrial Uptake of Biodegradable polymers for packaging applications by implementing digital tools and advanced techniques to achieve a holistic sustainability goal,holdout,ollama-holdout-3a4834bb7792,validated_proposals_pending_review,validated_candidate,http://data.europa.eu/sdg/12.5,strong,"The project will develop and test new biopolyester materials and their blends with commercial biopolymers, chain extenders, and fillers, which will be used to manufacture bioplastic packaging materials.","The research on developing new biopolyesters and their blends will directly contribute to the production of bioplastic packaging materials, which are essential for reducing the use of non-biodegradable plastics.",strong,objective,"These biopolyesters will be blended with commercial biopolymers (e.g., PLA, PBAT, and PHA), biobased chain extenders, and mineral fillers to create bioplastic packaging materials.",validated_candidate,,,,Local model proposal; technically validated or rejected; human review pending
101180710,Effective Monitoring and Modelling solutions for data-driven hOlistic management of URBAN water quality,holdout,ollama-holdout-3a4834bb7792,validated_proposals_pending_review,validated_candidate,http://data.europa.eu/sdg/17.13,strong,"URBAN M2O will achieve this objective by developing and benchmarking AI-enhanced, resource-effective monitoring water quality technologies.","The research will develop new monitoring technologies that are both advanced and cost-effective, aligning with the goal of generating crucial information for urban water quality management.",strong,objective,"URBAN M2O will achieve this objective by: 1) Developing and benchmarking AI-enhanced, resource-effective monitoring water quality technologies; 2) Developing fit-for-purpose water quality models and harmonized data management systems; 3) Demonstrating open-access urban water digital twins assimilating monitoring data to identify hotspots and prioritize pollution control actions under current and future climate scenarios;",validated_candidate,,,,Local model proposal; technically validated or rejected; human review pending
101181582,Portable air analysis device for on-site pest detection during plants import controls,holdout,ollama-holdout-3a4834bb7792,validated_proposals_pending_review,validated_candidate,http://data.europa.eu/sdg/17.13,strong,"The project will develop and validate a non-contact portable detection unit (PDU) equipped with VOC sensors, an algorithm, and a database to screen imported plant material for pests.","The research directly contributes to the development and validation of a tool that can efficiently screen imported plant material, addressing the need for a high throughput, non-invasive detection method.",uncertain,objective,"SenseApest will address these challenges by screening imported plant material systematically and efficiently with a non-contact portable detection unit (PDU), based on volatile organic compound (VOC) emissions.",validated_candidate,,,,Local model proposal; technically validated or rejected; human review pending
101187966,"DIGITAfrica, Towards a comprehensive pan-African research infrastructure in Digital Sciences",holdout,ollama-holdout-3a4834bb7792,rejected_proposals_pending_review,rejected_candidate,http://data.europa.eu/sdg/8.2,strong,"DIGITAfrica will lay the foundations of a pan-African comprehensive RI in Digital Sciences, which will have a transformative impact on AU-EU shared R&I, as well as innovative education and training.","DIGITAfrica's focus on laying the foundations for a pan-African RI in Digital Sciences aligns with the goal of promoting sustainable economic growth and innovation, as it will contribute to the development of new knowledge and industries.",uncertain,objective,"DIGITAfrica will lay the foundations of a pan-African comprehensive RI in Digital Sciences, which will have a transformative impact on AU-EU shared R&I, as well as innovative education and training.",rejected_candidate,unverified_evidence,,,Local model proposal; technically validated or rejected; human review pending
101188365,TowaRds AdvaNced multidiSciplinary Fault ObseRvatory systeMs²,holdout,ollama-holdout-3a4834bb7792,validated_proposals_pending_review,validated_candidate,http://data.europa.eu/sdg/13.3,strong,The project will develop innovative sensors and new generation of sensors in basic and applied research related to earthquake processes.,The research on new generation of sensors directly contributes to the understanding of earthquake mechanics and fault anatomy.,strong,objective,NFOs target the enhanced understanding of the mechanics of earthquakes to unravel the anatomy of complex seismogenic faults.,validated_candidate,,,,Local model proposal; technically validated or rejected; human review pending
101190669,Implementation of an Integrated Digital Health System for Infectious Diseases  in Maternal and Child Health In East Africa,holdout,ollama-holdout-3a4834bb7792,validated_proposals_pending_review,validated_candidate,http://data.europa.eu/sdg/17.16,strong,"The LINDA-FAMILIA eRegistries will be used to gather and harmonize longitudinal maternal and child health data, which will be used for clinical and epidemiological research.",The research will contribute to clinical and epidemiological research by providing a robust data collection system that can support both types of studies.,uncertain,objective,The system will support clinical research by gathering harmonised longitudinal maternal and child data. The system will support epidemiological clinical research such as trialling vaccines at a low cost by using the real-world routinely collected data.,validated_candidate,,,,Local model proposal; technically validated or rejected; human review pending
101199020,A high performance cost-effective MINFLUX microscope,holdout,ollama-holdout-3a4834bb7792,validated_proposals_pending_review,validated_candidate,http://data.europa.eu/sdg/8.7,strong,"We will focus on developing, validating, and demonstrating the PhaseFLUX prototype.","The development and validation of the PhaseFLUX prototype will directly contribute to the creation of a new, more accessible super-resolution microscopy technology.",uncertain,objective,"Building on our extensive expertise in super-resolution microscopy and collaborations with leading experts, we will focus on developing, validating, and demonstrating the PhaseFLUX prototype, paving the way for broader adoption and impactful biological discoveries.",validated_candidate,,,,Local model proposal; technically validated or rejected; human review pending
101201568,Advanced Quantized FRActure MEchanics models of ice and snow for GLObal Warming risk mitigation,holdout,ollama-holdout-3a4834bb7792,validated_proposals_pending_review,validated_candidate,http://data.europa.eu/sdg/16.3,strong,"The research will develop a comprehensive fracture mechanics theory and apply it to understand and predict the effects of climate change on ice and snow fragilization, thereby addressing a critical global problem.","The project's research directly addresses the issue of climate change's impact on ice and snow fragilization, which is a critical global problem. The development of a comprehensive fracture mechanics theory will enable more accurate predictions of avalanche risk, which can lead to significant societal benefits and potentially save lives.",strong,objective,"FRAMEGLOW aims to address this critical knowledge gap in understanding from a fundamental engineering science perspective, by (i) developing a complete fracture mechanics theory, and (ii) using it to solve a critical global problem, i.e. how climate change/global warming will lead -on different size and time scales- to global ice and snow fragilization, and thus (iii) providing important societal benefits (e.g. dynamic avalanche risk maps), potentially saving human lives.",validated_candidate,,,,Local model proposal; technically validated or rejected; human review pending
101203247,Fast-Tracking the National Narrative for Climate-Neutral Urban Futures,holdout,ollama-holdout-3a4834bb7792,rejected_proposals_pending_review,rejected_candidate,http://data.europa.eu/sdg/13,strong,"CapaCITIES 2.0 will coordinate actions across climate-neutral initiatives for cities in Europe, align and speed up efforts towards the goals of the Mission.","The project aims to facilitate the alignment and acceleration of efforts towards the EU Cities Mission, which is directly aligned with the goal of taking urgent action to combat climate change and its impacts.",uncertain,objective,CapaCITIES 2.0 is designed as a support action for national and regional authorities to advance their governance structures for providing dedicated support for cities to achieve the EU Climate-Neutral and Smart Cities Mission (EU Cities Mission).,rejected_candidate,unverified_evidence,,,Local model proposal; technically validated or rejected; human review pending
101204687,Assessing Carbon Emission Impacts of Circular Economy Measures for Construction and Demolition Wastes in the European Union,holdout,ollama-holdout-3a4834bb7792,rejected_proposals_pending_review,rejected_candidate,http://data.europa.eu/sdg/13.2,strong,The research will use an EEIO model to assess the carbon emissions (or savings) potential of the EU's CE measures for CDW.,"The EEIO model will characterize how the CE of CDW affects carbon emissions across different industries and regions, providing a comprehensive understanding of the carbon emission impacts.",uncertain,objective,The proposed research aims to assess the carbon emissions (or savings) potential of the EU's CE measures for CDW using an environmentally extended input-output (EEIO) model coupled with updated evaluation parameters from a developed LCA model.,rejected_candidate,unverified_evidence,,,Local model proposal; technically validated or rejected; human review pending
101270329,EIT Higher Education Initiative - Scaling Europe’s Innovation Ecosystems,holdout,ollama-holdout-3a4834bb7792,rejected_proposals_pending_review,rejected_candidate,http://data.europa.eu/sdg/8,strong,"The EIT Higher Education Initiative provides targeted funding and capacity building to help universities embed innovation and entrepreneurship into their strategies, governance, and education systems.","The initiative directly supports the embedding of innovation and entrepreneurship into university strategies, which is essential for achieving sustainable economic growth and promoting inclusive employment.",uncertain,objective,"The EIT Higher Education Initiative provides targeted funding and capacity building to help universities embed innovation and entrepreneurship into their strategies, governance, and education systems.",rejected_candidate,unverified_evidence,,,Local model proposal; technically validated or rejected; human review pending
101276034,Digital Electrochemical Separation for Critical Raw Material Recovery: Metals and REEs,holdout,ollama-holdout-3a4834bb7792,validated_proposals_pending_review,validated_candidate,http://data.europa.eu/sdg/17.18,strong,"The project will develop a novel class of electro-active, stimuli-responsive membranes for programmable ion separation by fabricating a bicontinuous network of cellulose nanofibers, functionalized with covalently grafted chelating ligands, and the conductive polymer PEDOT:PSS and carbon nanotubes. This will be achieved by applying a low voltage potential to induce localized electrochemical phenomena at the ligand sites.","The research directly addresses the need for sustainable, energy-efficient separation technologies for critical raw materials, which is crucial for achieving the EU's strategic autonomy and advancing the Circular Economy Action Plan.",strong,objective,"The application of a low voltage potential will be used to induce localized electrochemical phenomena (pH swings or direct redox reactions) at the ligand sites. This will reversibly modulate the ligands' binding affinity, enabling a digitally controlled capture and release of target ions (e.g., REEs, Pb²⁺, AuCl₄⁻) without the use of bulk chemical regenerants.",validated_candidate,,,,Local model proposal; technically validated or rejected; human review pending
101282533,Twist-Engineered Magnetism and Magnetotransport in CrSBr-Based Van Der Waals Heterostructures,holdout,ollama-holdout-3a4834bb7792,rejected_proposals_pending_review,rejected_candidate,http://data.europa.eu/sdg/16.7,strong,The applicant will explore the interplay between magnetic and structural characteristics in vdW heterostructures with a focus on CrSBr.,"The research directly addresses the development of new materials and structures for advanced spintronic devices, which is essential for technological advancement and innovation.",uncertain,objective,"The applicant will explore the interplay between magnetic and structural characteristics in vdW heterostructures with a focus on CrSBr. This research project aims to establish twisting as a new tuning knob for selected magnetic phenomena in 2D magnetism, such as spin structures and magnetoresistance effects in twisted multilayers of the same material and exchange bias in stacks of AFM/FM heterostructures.",rejected_candidate,unverified_evidence,,,Local model proposal; technically validated or rejected; human review pending
101283536,ARANEA: Physics-Enhanced AI for Soil–Pile Interaction Monitoring,holdout,ollama-holdout-3a4834bb7792,validated_proposals_pending_review,validated_candidate,http://data.europa.eu/sdg/13.3,strong,The project advances vibration-based Structural Health Monitoring (SHM) by fusing acceleration and strain data in a multi-modal framework and applying it to Soil-Pile Interaction (SPI).,"The project's research directly addresses the need for advanced SHM techniques that can handle uncertainty and non-linear dynamics, which are critical for the safe operation and maintenance of critical infrastructure like offshore wind turbines and bridges.","The project's success in validating the framework on various datasets is a strong indicator of its effectiveness, but the specific application to real-world infrastructure remains uncertain.",objective,"This project advances vibration-based SHM by fusing acceleration and strain in a multi-modal framework and applying it to SPI, explicitly handling uncertainty and non-linearity.",validated_candidate,,,,Local model proposal; technically validated or rejected; human review pending
101292376,"COordination, Management, Planning And Strategic Support for the Einstein Telescope Project​",holdout,ollama-holdout-3a4834bb7792,validated_proposals_pending_review,validated_candidate,http://data.europa.eu/sdg/16.6,weak,"The ET observatory will contribute to the advancement of gravitational wave astronomy, which is a field that has significant implications for understanding the universe and its origins.","The ET observatory will provide a hundred thousand to a million observations per year, many of which will be of high signal-to-noise-ratio, enabling detailed studies of cosmic events and the universe's history.",uncertain,objective,"The Einstein Telescope (ET) is Europe's next-generation Gravitational Wave (GW) observatory, designed to detect ripples in spacetime caused by cosmic events like black hole mergers and neutron star collisions.",validated_candidate,,,,Local model proposal; technically validated or rejected; human review pending
101292454,European Alliance for Knowledge Valorisation,holdout,ollama-holdout-3a4834bb7792,validated_proposals_pending_review,validated_candidate,http://data.europa.eu/sdg/17.16,strong,ALL4KV builds a European Alliance of knowledge-valorisation intermediaries to facilitate the adoption of the Guiding Principles and Codes of Practice.,"The project aims to create a unified platform for intermediaries, which inherently supports the implementation of the Codes of Practice by providing a common ground for collaboration and knowledge exchange.",Strong,objective,"ALL4KV builds a European Alliance of knowledge-valorisation intermediaries: a practical bridge between academia, industry, public authorities and society so that the Guiding Principles and the four Codes of Practice become daily practice.",validated_candidate,,,,Local model proposal; technically validated or rejected; human review pending
101295335,"Remanufacturing Upscaling via Semantic and interoperable digital Twins towards circuLar, AI-driven, standardized and Industry 5.0-ready manuFacturing Ecosystems",holdout,ollama-holdout-3a4834bb7792,validated_proposals_pending_review,validated_candidate,http://data.europa.eu/sdg/8.6,strong,"RUST2LIFE invests in people, skills and trust by developing role-based curricula and micro-credentials to equip operators and engineers to supervise AI, and by engaging social partners to co-shape adoption policies ensuring safety, inclusion, and wellbeing.","The project directly addresses the need for skilled personnel to operate and supervise AI systems, which is essential for the successful implementation of the AI-enabled remanufacturing process.",Strong,objective,"RUST2LIFE invests in people, skills and trust: role-based curricula and micro-credentials equip operators and engineers to supervise AI, while social partners co-shape adoption to ensure safety, inclusion and wellbeing.",validated_candidate,,,,Local model proposal; technically validated or rejected; human review pending
101298471,"The most compact, efficient and lowest cost electric drive unit to accelerate adoption of electric vehicles",holdout,ollama-holdout-3a4834bb7792,validated_proposals_pending_review,validated_candidate,http://data.europa.eu/sdg/8.2,strong,"DeepDrive is developing the Central Drive unit, which is the most compact, powerful, efficient, and affordable electric drive unit, easily scalable and fitting into almost every electrical vehicle in the market.","The development of the Central Drive unit addresses the cost and range issues of electric vehicles, which are key factors in their mass adoption.",strong,objective,"DeepDrive is developing the Central Drive unit, the most compact (60kg, 25% lighter than state-of-the-art), powerful (40% higher torque density), efficient, (<15 Wh/Km losses for C-segment vehicles), and affordable (at least 15% cost reduction potential) electric drive unit, easily scalable and fitting into almost every electrical vehicle in the market.",validated_candidate,,,,Local model proposal; technically validated or rejected; human review pending
101304810,European Interconnected Innovation Ecosystems for Cybersecurity Readiness,holdout,ollama-holdout-3a4834bb7792,validated_proposals_pending_review,validated_candidate,http://data.europa.eu/sdg/16.7,strong,"The project develops a new governance and readiness model that integrates cybersecurity policy, innovation support, and SME compliance within a single interregional cooperation framework.",The project's development of a new governance and readiness model directly addresses the fragmentation of cybersecurity innovation capacities and the uneven preparedness of SMEs to comply with the NIS2 Directive.,uncertain,objective,"The project introduces a new governance and readiness model that integrates cybersecurity policy, innovation support and SME compliance within a single interregional cooperation framework, bridging regulatory and innovation domains for the first time in this field.",validated_candidate,,,,Local model proposal; technically validated or rejected; human review pending
101306994,"Synthetic Meiosis, Alternative Regeneration strategies, innovative Tools for Editing and targeting Regulatory regions in FRUIT crops",holdout,ollama-holdout-3a4834bb7792,validated_proposals_pending_review,validated_candidate,http://data.europa.eu/sdg/13.3,strong,"The project will develop and optimize a suite of advanced NGT-based tools tailored to fruit tree crops, integrating complementary methodologies to accelerate breeding and enhance resilience to combined climate stresses in fruit trees, while broadening genetic diversity to meet the regulatory requirements for NGTs.","The project directly addresses the challenges posed by climate change to fruit crops, including unpredictable weather, pest and disease outbreaks, and resource scarcity. The development of advanced NGT-based tools will accelerate breeding and enhance resilience to these stresses.",,objective,"The fruit industry now faces pressing challenges that threaten both its growth and long-term sustainability. These include: i) unpredictable weather, increasing droughts and floods that can affect yield and quality of fruit crops; ii) pest and disease outbreaks, as climate change creates favorable conditions for invasive pests and the emergence of new plant diseases, iii) scarcity of resources, driven by reduced water availability, soil degradation and loss of arable land.",validated_candidate,,,,Local model proposal; technically validated or rejected; human review pending
101334356,Young Migrants in Outermost Europe 2026,holdout,ollama-holdout-3a4834bb7792,validated_proposals_pending_review,validated_candidate,http://data.europa.eu/sdg/4.7,strong,"The research will empirically evaluate the impact of educational policies on integration in Martinique and Guadeloupe, addressing the underrepresentation of these territories in migration datasets.","The research directly addresses the need for reliable migration data by evaluating the impact of educational policies, which can inform and improve data collection efforts.",uncertain,objective,"For instance, Martinique and Guadeloupe are among the least represented territories in intra-Caribbean migration datasets (ECLAC, 2024). This underrepresentation results in limitation of analysis of regional migration trends, leading to systemic underreporting of both quantitative and qualitative migration data.",validated_candidate,,,,Local model proposal; technically validated or rejected; human review pending
190175375,Pioneering diagnostics in dermatology and cancer,holdout,ollama-holdout-3a4834bb7792,validated_proposals_pending_review,validated_candidate,http://data.europa.eu/sdg/17.6,strong,Develop and implement a fully automated molecular diagnostics platform for dermatology.,"The research contributes to the development and deployment of a technological solution that can be widely accessed and used, which aligns with the goal of enhancing access to technology and innovation.",uncertain,objective,Our fully automated platform delivers results within 90 min and testing can be run everywhere and at any time.,validated_candidate,,,,Local model proposal; technically validated or rejected; human review pending
